schulnummer,schulname,strasse,plz,ort,website,email,school_type,traegerschaft,traeger,fax,phone,director,longitude,latitude,state,adresse,data_source,data_retrieved,bundesland,stadt
BY-SCHUL_SCHULSTANDORTEFOERDERZENTREN_423271fd-1786-4e0f-90e9-6a5276a50fd1,Sonderpädagogisches Förderzentrum Rothwiesenstraße /München Nord-West,Rothwiesenstr. 18,80995,München,,,Förderzentren,,,,,,11.4869204,48.2118155,BY,"Rothwiesenstr. 18, 80995 München","jedeschule.codefor.de (CC0, scraped from km.bayern.de)",2026-08-22,Bayern,München
BY-SCHUL_SCHULSTANDORTEMITTELSCHULEN_9069a59d-17de-4af5-ae33-590be9c91c22,"Mittelschule München, Perlacher Straße 114",Perlacher Str. 114,81539,München,,,Mittelschulen,,,,,,11.5891766,48.1088752,BY,"Perlacher Str. 114, 81539 München","jedeschule.codefor.de (CC0, scraped from km.bayern.de)",2026-08-22,Bayern,München
BY-SCHUL_SCHULSTANDORTEMITTELSCHULEN_17cb67f8-0bdd-449a-9d2e-1ad754494991,"Mittelschule München, Simmernstraße 2",Simmernstr. 2,80804,München,,,Mittelschulen,,,,,,11.5835429,48.1676045,BY,"Simmernstr. 2, 80804 München","jedeschule.codefor.de (CC0, scraped from km.bayern.de)",2026-08-22,Bayern,München
BY-SCHUL_SCHULSTANDORTEMITTELSCHULEN_7a32cfc9-204f-46ce-85f6-9117e815d636,"Mittelschule München, Hochstraße 31",Hochstr. 31,81669,München,,,Mittelschulen,,,,,,11.5868816,48.1260916,BY,"Hochstr. 31, 81669 München","jedeschule.codefor.de (CC0, scraped from km.bayern.de)",2026-08-22,Bayern,München
BY-SCHUL_SCHULSTANDORTEGYMNASIEN_5d9b5eb3-4053-4781-a735-7cfbe6523692,Gymnasium München-Nord,Knorrstr. 171,80937,München,,,Gymnasien,,,,,,11.5721362,48.1997303,BY,"Knorrstr. 171, 80937 München","jedeschule.codefor.de (CC0, scraped from km.bayern.de)",2026-08-22,Bayern,München
BY-SCHUL_SCHULSTANDORTEGYMNASIEN_26efe204-3c4f-4c7b-89c5-d104e8280e67,Erasmus-Grasser-Gymnasium München,Fürstenrieder Str. 159,81377,München,,,Gymnasien,,,,,,11.5034479,48.1227453,BY,"Fürstenrieder Str. 159, 81377 München","jedeschule.codefor.de (CC0, scraped from km.bayern.de)",2026-08-22,Bayern,München
BY-SCHUL_SCHULSTANDORTEBERUFLICHESCHULEN_0f2762e9-d42d-4af9-b028-465ec93628aa,"Therese-von-Bayern-Schule, staatl. Berufsoberschule für Wirtschaft München",Lindwurmstr. 90,80337,München,,,Berufsoberschulen,,,,,,11.547261,48.1238811,BY,"Lindwurmstr. 90, 80337 München","jedeschule.codefor.de (CC0, scraped from km.bayern.de)",2026-08-22,Bayern,München
BY-SCHUL_SCHULSTANDORTEGYMNASIEN_98c3861e-69fc-4c91-920d-ee0a2e3a5ace,Michaeli-Gymnasium München,Hachinger-Bach-Str. 25,81671,München,,,Gymnasien,,,,,,11.638872,48.1208058,BY,"Hachinger-Bach-Str. 25, 81671 München","jedeschule.codefor.de (CC0, scraped from km.bayern.de)",2026-08-22,Bayern,München
BY-SCHUL_SCHULSTANDORTEGYMNASIEN_c0aa0aa2-c7da-421e-80bf-ee596a002f62,Dante-Gymnasium München,Wackersberger Str. 61,81371,München,,,Gymnasien,,,,,,11.5438502,48.1149703,BY,"Wackersberger Str. 61, 81371 München","jedeschule.codefor.de (CC0, scraped from km.bayern.de)",2026-08-22,Bayern,München
BY-SCHUL_SCHULSTANDORTEREALSCHULEN_d24ba9f5-6d6b-45cb-9a41-58c0085eb717,Joseph-von-Fraunhofer-Schule Staatl. Realschule München II,Engadiner Str. 1,81475,München,,,Realschulen,,,,,,11.4814434,48.0900477,BY,"Engadiner Str. 1, 81475 München","jedeschule.codefor.de (CC0, scraped from km.bayern.de)",2026-08-22,Bayern,München
BY-SCHUL_SCHULSTANDORTEGYMNASIEN_3ab60e69-3d30-4d07-82d3-544a2fcd4bb2,Gymnasium München-Freiham,Hildegard-Hamm-Brücher-Str. 5,81249,München,,,Gymnasien,,,,,,11.4041356,48.1405891,BY,"Hildegard-Hamm-Brücher-Str. 5, 81249 München","jedeschule.codefor.de (CC0, scraped from km.bayern.de)",2026-08-22,Bayern,München
BY-SCHUL_SCHULSTANDORTEGYMNASIEN_3f022dad-c351-45bd-8807-a4a94dc39461,Wilhelm-Hausenstein-Gymnasium München,Elektrastr. 61,81925,München,,,Gymnasien,,,,,,11.6266563,48.1522078,BY,"Elektrastr. 61, 81925 München","jedeschule.codefor.de (CC0, scraped from km.bayern.de)",2026-08-22,Bayern,München
BY-SCHUL_SCHULSTANDORTEGYMNASIEN_ac819b62-69e4-41cb-a478-614ba687e4f2,Gymnasium München - Fürstenried,Engadiner Str. 1,81475,München,,,Gymnasien,,,,,,11.4814434,48.0900477,BY,"Engadiner Str. 1, 81475 München","jedeschule.codefor.de (CC0, scraped from km.bayern.de)",2026-08-22,Bayern,München
BY-SCHUL_SCHULSTANDORTEMITTELSCHULEN_502932a2-2f0f-47e9-84cf-1e82554133be,"Mittelschule München, Albert-Schweitzer-Straße 59",Albert-Schweitzer-Str. 59,81735,München,,,Mittelschulen,,,,,,11.6477091,48.1081921,BY,"Albert-Schweitzer-Str. 59, 81735 München","jedeschule.codefor.de (CC0, scraped from km.bayern.de)",2026-08-22,Bayern,München
BY-SCHUL_SCHULSTANDORTEMITTELSCHULEN_cb66bae7-fa14-4e9e-b30e-ccbcf2f5ca72,"Mittelschule München, Bernaysstraße 35",Bernaysstr. 35,80937,München,,,Mittelschulen,,,,,,11.5793752,48.2033588,BY,"Bernaysstr. 35, 80937 München","jedeschule.codefor.de (CC0, scraped from km.bayern.de)",2026-08-22,Bayern,München
BY-SCHUL_SCHULSTANDORTEMITTELSCHULEN_ec28fc2d-2760-4217-a0f8-6e3ef8e3357a,"Mittelschule München, Fernpaßstraße 41",Fernpaßstr. 41,81373,München,,,Mittelschulen,,,,,,11.5223493,48.1208059,BY,"Fernpaßstr. 41, 81373 München","jedeschule.codefor.de (CC0, scraped from km.bayern.de)",2026-08-22,Bayern,München
BY-SCHUL_SCHULSTANDORTEMITTELSCHULEN_bc614253-fa2e-460d-824d-c996be230e91,"Mittelschule München, Peslmüllerstraße 8",Peslmüllerstr. 8,81243,München,,,Mittelschulen,,,,,,11.4458511,48.1419177,BY,"Peslmüllerstr. 8, 81243 München","jedeschule.codefor.de (CC0, scraped from km.bayern.de)",2026-08-22,Bayern,München
BY-SCHUL_SCHULSTANDORTEMITTELSCHULEN_b294e9b4-f0c9-4202-aa3b-79355b6dbc08,"Mittelschule München, Elisabeth-Kohn-Straße 4",Elisabeth-Kohn-Str. 4,80797,München,,,Mittelschulen,,,,,,11.5537195,48.1641175,BY,"Elisabeth-Kohn-Str. 4, 80797 München","jedeschule.codefor.de (CC0, scraped from km.bayern.de)",2026-08-22,Bayern,München
BY-SCHUL_SCHULSTANDORTEGYMNASIEN_f4bf16af-64d0-4da2-b1be-af09200332dc,Karlsgymnasium München-Pasing,Am Stadtpark 21,81243,München,,,Gymnasien,,,,,,11.4522504,48.1406797,BY,"Am Stadtpark 21, 81243 München","jedeschule.codefor.de (CC0, scraped from km.bayern.de)",2026-08-22,Bayern,München
BY-SCHUL_SCHULSTANDORTEGYMNASIEN_310319b1-7423-426d-a0a3-51b0681edf3e,Asam-Gymnasium München,Schlierseestr. 20,81539,München,,,Gymnasien,,,,,,11.5918046,48.1143718,BY,"Schlierseestr. 20, 81539 München","jedeschule.codefor.de (CC0, scraped from km.bayern.de)",2026-08-22,Bayern,München
BY-SCHUL_SCHULSTANDORTEMITTELSCHULEN_74a711e7-38f9-4188-80f2-d5fcb5cba118,"Mittelschule München, Gotzinger Platz 1",Gotzinger Platz 1,81371,München,,,Mittelschulen,,,,,,11.5501001,48.1175149,BY,"Gotzinger Platz 1, 81371 München","jedeschule.codefor.de (CC0, scraped from km.bayern.de)",2026-08-22,Bayern,München
BY-SCHUL_SCHULSTANDORTEMITTELSCHULEN_87018f9c-ec98-440b-b2eb-55c042ee1ce4,"Mittelschule München, Ridlerstraße 26",Ridlerstr. 26,80339,München,,,Mittelschulen,,,,,,11.5369355,48.1321195,BY,"Ridlerstr. 26, 80339 München","jedeschule.codefor.de (CC0, scraped from km.bayern.de)",2026-08-22,Bayern,München
BY-SCHUL_SCHULSTANDORTEMITTELSCHULEN_4efad132-7475-46fe-b549-c62aa9d07179,"Mittelschule München, Zielstattstraße 74",Zielstattstr. 74,81379,München,,,Mittelschulen,,,,,,11.5202553,48.1022987,BY,"Zielstattstr. 74, 81379 München","jedeschule.codefor.de (CC0, scraped from km.bayern.de)",2026-08-22,Bayern,München
BY-SCHUL_SCHULSTANDORTEFOERDERZENTREN_9f389ef5-e340-4dc6-a32b-588736928eab,Sonderpädagogisches Förderzentrum München Nord-Ost,Rothpletzstr. 40,80937,München,,,Förderzentren,,,,,,11.5820622,48.1981849,BY,"Rothpletzstr. 40, 80937 München","jedeschule.codefor.de (CC0, scraped from km.bayern.de)",2026-08-22,Bayern,München
BY-SCHUL_SCHULSTANDORTEMITTELSCHULEN_b5d4871c-efd4-4733-b637-f81d1bb8309f,"Mittelschule München, Schleißheimer Straße 275",Schleißheimer Str. 275,80809,München,,,Mittelschulen,,,,,,11.5660149,48.1807037,BY,"Schleißheimer Str. 275, 80809 München","jedeschule.codefor.de (CC0, scraped from km.bayern.de)",2026-08-22,Bayern,München
BY-SCHUL_SCHULSTANDORTEMITTELSCHULEN_c4b8ef16-4e11-4d6a-bda2-5e45aef8fa33,"Mittelschule München, Wittelsbacherstraße 10",Wittelsbacherstr. 10,80469,München,,,Mittelschulen,,,,,,11.5702546,48.1250468,BY,"Wittelsbacherstr. 10, 80469 München","jedeschule.codefor.de (CC0, scraped from km.bayern.de)",2026-08-22,Bayern,München
BY-SCHUL_SCHULSTANDORTEMITTELSCHULEN_9e890a21-ef6a-4b3a-9621-ef6815ec778f,"Mittelschule München, Alfonsstraße 8",Alfonsstr. 8,80636,München,,,Mittelschulen,,,,,,11.5423482,48.1519241,BY,"Alfonsstr. 8, 80636 München","jedeschule.codefor.de (CC0, scraped from km.bayern.de)",2026-08-22,Bayern,München
BY-SCHUL_SCHULSTANDORTEMITTELSCHULEN_712220cc-5e63-46df-b43e-7fce35d75518,"Mittelschule München, Cincinnatistraße 63",Cincinnatistr. 63,81549,München,,,Mittelschulen,,,,,,11.6016619,48.0931477,BY,"Cincinnatistr. 63, 81549 München","jedeschule.codefor.de (CC0, scraped from km.bayern.de)",2026-08-22,Bayern,München
BY-SCHUL_SCHULSTANDORTEMITTELSCHULEN_a8a2d980-67d3-4727-8791-d1cbf7f92c6e,"Mittelschule München, am Echardinger Grünstreifen, Innsbrucker Ring 75",Innsbrucker Ring 75,81671,München,,,Mittelschulen,,,,,,11.6211725,48.1218508,BY,"Innsbrucker Ring 75, 81671 München","jedeschule.codefor.de (CC0, scraped from km.bayern.de)",2026-08-22,Bayern,München
BY-SCHUL_SCHULSTANDORTEMITTELSCHULEN_6ee130bf-7a96-4cd2-9891-a854bb43c7cf,"Mittelschule München, Reichenaustraße 3",Reichenaustr. 3,81243,München,,,Mittelschulen,,,,,,11.4357347,48.147111,BY,"Reichenaustr. 3, 81243 München","jedeschule.codefor.de (CC0, scraped from km.bayern.de)",2026-08-22,Bayern,München
BY-SCHUL_SCHULSTANDORTEMITTELSCHULEN_61dd325b-0534-4bb6-a269-54a41a1bd1ca,"Mittelschule München, Wiesentfelser Straße 53",Wiesentfelser Str. 53,81249,München,,,Mittelschulen,,,,,,11.4132288,48.1453937,BY,"Wiesentfelser Str. 53, 81249 München","jedeschule.codefor.de (CC0, scraped from km.bayern.de)",2026-08-22,Bayern,München
BY-SCHUL_SCHULSTANDORTEGYMNASIEN_ce41bb75-f3f8-4124-a39a-9be8fda6bed0,Maximiliansgymnasium München,Oettingenstr. 78,80538,München,,,Gymnasien,,,,,,11.5956119,48.1498654,BY,"Oettingenstr. 78, 80538 München","jedeschule.codefor.de (CC0, scraped from km.bayern.de)",2026-08-22,Bayern,München
BY-SCHUL_SCHULSTANDORTEGYMNASIEN_7fe22a7c-24c6-469f-a593-d3f153e6ae3c,Ludwigsgymnasium München,Fürstenrieder Str. 159 a,81377,München,,,Gymnasien,,,,,,11.5052986,48.1221312,BY,"Fürstenrieder Str. 159 a, 81377 München","jedeschule.codefor.de (CC0, scraped from km.bayern.de)",2026-08-22,Bayern,München
BY-SCHUL_SCHULSTANDORTEGYMNASIEN_0073b9c0-48c4-4c00-a995-d2d5ad0d45b8,Gisela-Gymnasium München,Arcisstr. 65,80801,München,,,Gymnasien,,,,,,11.5732647,48.1566933,BY,"Arcisstr. 65, 80801 München","jedeschule.codefor.de (CC0, scraped from km.bayern.de)",2026-08-22,Bayern,München
BY-SCHUL_SCHULSTANDORTEWEITERERSCHULEN_2d3302da-85e3-404c-aaf9-6b3be1c0a796,Staatliche Dieter-Hildebrandt-Wirtschaftsschule München,Meindlstr. 8 a,81369,München,,,Wirtschaftsschulen,,,,,,11.5377611,48.1189998,BY,"Meindlstr. 8 a, 81369 München","jedeschule.codefor.de (CC0, scraped from km.bayern.de)",2026-08-22,Bayern,München
BY-SCHUL_SCHULSTANDORTEWEITERERSCHULEN_ece522cf-89fa-4d51-8ef3-d089a764bf22,Staatl. Wirtschaftsschule München an der Bayer. Landesschule für Körperbehinderte,Kurzstr. 2,81547,München,,,Wirtschaftsschulen,,,,,,11.5688886,48.1046703,BY,"Kurzstr. 2, 81547 München","jedeschule.codefor.de (CC0, scraped from km.bayern.de)",2026-08-22,Bayern,München
BY-SCHUL_SCHULSTANDORTEFOERDERZENTREN_127a5f60-ae93-49c9-a97d-37ab5be346ce,Sonderpädagogisches Förderzentrum Dachauer Straße 98 / Nadistraße / München Mitte 1,Dachauer Str. 98,80335,München,,,Förderzentren,,,,,,11.5570287,48.1528352,BY,"Dachauer Str. 98, 80335 München","jedeschule.codefor.de (CC0, scraped from km.bayern.de)",2026-08-22,Bayern,München
BY-SCHUL_SCHULSTANDORTEFOERDERZENTREN_7375aaed-3037-42f5-be96-bbfe1cba24d3,"Mathilde-Eller-Schule, Förderzentrum mit Förderschwerpunkt geist. Entw. München",Klenzestr. 27,80469,München,,,Förderzentren,,,,,,11.5777756,48.1313376,BY,"Klenzestr. 27, 80469 München","jedeschule.codefor.de (CC0, scraped from km.bayern.de)",2026-08-22,Bayern,München
BY-SCHUL_SCHULSTANDORTEFOERDERZENTREN_43fbc6df-81e6-400c-8b1b-36a11704a520,Sonderpädagogisches Förderzentrum Innsbrucker Ring/Berg-am-Laim-Str./ München Mitte 4,Innsbrucker Ring 75,81671,München,,,Förderzentren,,,,,,11.6211725,48.1218508,BY,"Innsbrucker Ring 75, 81671 München","jedeschule.codefor.de (CC0, scraped from km.bayern.de)",2026-08-22,Bayern,München
BY-SCHUL_SCHULSTANDORTEMITTELSCHULEN_6a992f2f-eb1e-4c80-9376-da5276bab040,"Mittelschule München, Knappertsbuschstraße 43",Knappertsbuschstr. 43,81927,München,,,Mittelschulen,,,,,,11.6391562,48.1632165,BY,"Knappertsbuschstr. 43, 81927 München","jedeschule.codefor.de (CC0, scraped from km.bayern.de)",2026-08-22,Bayern,München
BY-SCHUL_SCHULSTANDORTEFOERDERZENTREN_3721b800-751d-49a1-a6d2-19d237e7bcc8,"Bayerische Landesschule f.Körperbehinderte München Förderzentr., Förderschwerp.körperl.u.mot.Entw.",Kurzstr. 2,81547,München,,,Förderzentren,,,,,,11.5688886,48.1046703,BY,"Kurzstr. 2, 81547 München","jedeschule.codefor.de (CC0, scraped from km.bayern.de)",2026-08-22,Bayern,München
BY-SCHUL_SCHULSTANDORTEGYMNASIEN_3ca9f87f-48c6-4253-b32d-59c23194efdd,Max-Josef-Stift München,Mühlbaurstr. 15,81677,München,,,Gymnasien,,,,,,11.6104798,48.141982,BY,"Mühlbaurstr. 15, 81677 München","jedeschule.codefor.de (CC0, scraped from km.bayern.de)",2026-08-22,Bayern,München
BY-SCHUL_SCHULSTANDORTEMITTELSCHULEN_c9ea71de-1c26-4bc1-a47a-a01a9e23f5ea,"Mittelschule München, Leipziger Straße 7",Leipziger Str. 7,80992,München,,,Mittelschulen,,,,,,11.5184741,48.1786366,BY,"Leipziger Str. 7, 80992 München","jedeschule.codefor.de (CC0, scraped from km.bayern.de)",2026-08-22,Bayern,München
BY-SCHUL_SCHULSTANDORTEMITTELSCHULEN_242e8fe3-b0d7-4c9e-9912-3543af545d4d,"Mittelschule München, Walliser Straße 5",Walliser Str. 5,81475,München,,,Mittelschulen,,,,,,11.482882,48.0918926,BY,"Walliser Str. 5, 81475 München","jedeschule.codefor.de (CC0, scraped from km.bayern.de)",2026-08-22,Bayern,München
BY-SCHUL_SCHULSTANDORTEMITTELSCHULEN_16595193-7f60-43da-814e-1490b17e8564,"Mittelschule München, Implerstraße 35",Implerstr. 35,81371,München,,,Mittelschulen,,,,,,11.5493824,48.1207132,BY,"Implerstr. 35, 81371 München","jedeschule.codefor.de (CC0, scraped from km.bayern.de)",2026-08-22,Bayern,München
BY-SCHUL_SCHULSTANDORTEMITTELSCHULEN_94fcd1ad-f83d-49bf-a98e-ef93be906cdb,"Mittelschule München, Wörthstraße 2",Wörthstr. 2,81667,München,,,Mittelschulen,,,,,,11.598175,48.1316013,BY,"Wörthstr. 2, 81667 München","jedeschule.codefor.de (CC0, scraped from km.bayern.de)",2026-08-22,Bayern,München
BY-SCHUL_SCHULSTANDORTEMITTELSCHULEN_f7415ea2-d26f-439f-a9bf-4a7b8f0807cc,"Mittelschule München, Eduard-Spranger-Straße 17",Georg-Zech-Allee 16,80995,München,,,Mittelschulen,,,,,,11.5321636,48.2086695,BY,"Georg-Zech-Allee 16, 80995 München","jedeschule.codefor.de (CC0, scraped from km.bayern.de)",2026-08-22,Bayern,München
BY-SCHUL_SCHULSTANDORTEGYMNASIEN_929c39d6-bfa6-48c4-8209-7739cdc503c6,Gymnasium München/Moosach,Gerastr. 6,80993,München,,,Gymnasien,,,,,,11.5189911,48.1847813,BY,"Gerastr. 6, 80993 München","jedeschule.codefor.de (CC0, scraped from km.bayern.de)",2026-08-22,Bayern,München
BY-SCHUL_SCHULSTANDORTEFOERDERZENTREN_cc5eb992-2032-460a-8db0-c63d9c8d2656,Sonderpädagogisches Förderzentrum München-Ost an der Astrid-Lindgren-Str. 5,Astrid-Lindgren-Str. 5,81829,München,,,Förderzentren,,,,,,11.7068802,48.1310226,BY,"Astrid-Lindgren-Str. 5, 81829 München","jedeschule.codefor.de (CC0, scraped from km.bayern.de)",2026-08-22,Bayern,München
BY-SCHUL_SCHULSTANDORTEFOERDERZENTREN_f531af60-8835-4a84-9920-85b6cbe48b39,Sonderpädagogisches Förderzentrum München-West,Helmut-Schmidt-Allee 45,81249,München,,,Förderzentren,,,,,,11.4045133,48.1417297,BY,"Helmut-Schmidt-Allee 45, 81249 München","jedeschule.codefor.de (CC0, scraped from km.bayern.de)",2026-08-22,Bayern,München
BY-SCHUL_SCHULSTANDORTEFOERDERZENTREN_70623091-1dc6-4706-81df-5a7319a67cfa,Schule für Kranke München,"Kölner Platz 1, Haus 22",80804,München,,,Förderzentren,,,,,,,,BY,"Kölner Platz 1, Haus 22, 80804 München","jedeschule.codefor.de (CC0, scraped from km.bayern.de)",2026-08-22,Bayern,München
BY-SCHUL_SCHULSTANDORTEFOERDERZENTREN_afa95526-2dae-4f12-b300-49baad439d08,Sonderpädagogisches Förderzentrum München Süd,Boschetsrieder Str. 35,81379,München,,,Förderzentren,,,,,,11.5365066,48.0999173,BY,"Boschetsrieder Str. 35, 81379 München","jedeschule.codefor.de (CC0, scraped from km.bayern.de)",2026-08-22,Bayern,München
BY-SCHUL_SCHULSTANDORTEFOERDERZENTREN_f1f0cf09-d9f1-40d0-bd37-1f430aacecb2,"Prof.-Otto-Speck-Schule Förderzentrum emot. und soz. Entwicklung, München",Dachauer Str. 96,80335,München,,,Förderzentren,,,,,,11.5579606,48.1520845,BY,"Dachauer Str. 96, 80335 München","jedeschule.codefor.de (CC0, scraped from km.bayern.de)",2026-08-22,Bayern,München
BY-SCHUL_SCHULSTANDORTEFOERDERZENTREN_d8bcc935-8b6a-4117-80a0-7d7f4d18d575,Sonderpädagogisches Förderzentrum München Süd-Ost Neuperlach,Gerhart-Hauptmann-Ring 15,81737,München,,,Förderzentren,,,,,,11.6535845,48.1013304,BY,"Gerhart-Hauptmann-Ring 15, 81737 München","jedeschule.codefor.de (CC0, scraped from km.bayern.de)",2026-08-22,Bayern,München
BY-SCHUL_SCHULSTANDORTEBERUFLICHESCHULEN_73562e30-7b70-403d-9484-4a5f99688ddd,Staatliche Berufsoberschule für Technik München,Orleansstr. 44,81667,München,,,Berufsoberschulen,,,,,,11.6018763,48.1264353,BY,"Orleansstr. 44, 81667 München","jedeschule.codefor.de (CC0, scraped from km.bayern.de)",2026-08-22,Bayern,München
BY-SCHUL_SCHULSTANDORTEMITTELSCHULEN_600ccc9f-014a-45f9-aefb-09e212af55ee,"Mittelschule München, Guardinistraße 60",Guardinistr. 60,81375,München,,,Mittelschulen,,,,,,11.494579,48.1186596,BY,"Guardinistr. 60, 81375 München","jedeschule.codefor.de (CC0, scraped from km.bayern.de)",2026-08-22,Bayern,München
BY-SCHUL_SCHULSTANDORTEMITTELSCHULEN_154c18bb-6e37-4243-b2b2-5d193dbc1801,"Mittelschule München, Gerhart-Hauptmann-Ring 15",Gerhart-Hauptmann-Ring 15,81737,München,,,Mittelschulen,,,,,,11.6535845,48.1013304,BY,"Gerhart-Hauptmann-Ring 15, 81737 München","jedeschule.codefor.de (CC0, scraped from km.bayern.de)",2026-08-22,Bayern,München
BY-SCHUL_SCHULSTANDORTEFOERDERZENTREN_7c9414c0-e69b-44db-adee-4824c56f57d7,"Sonderpädagogisches Förderzentrum München Mitte 2, An der Isar",Herrnstr. 21,80539,München,,,Förderzentren,,,,,,11.5813747,48.136613,BY,"Herrnstr. 21, 80539 München","jedeschule.codefor.de (CC0, scraped from km.bayern.de)",2026-08-22,Bayern,München
BY-SCHUL_SCHULSTANDORTEFOERDERZENTREN_3bb535a1-5887-480f-93db-8a8646287969,"Carl-August-Heckscher-Schule, Förderschule und Schule für Kranke in München",Deisenhofener Str. 28,81539,München,,,Förderzentren,,,,,,11.5829079,48.1136911,BY,"Deisenhofener Str. 28, 81539 München","jedeschule.codefor.de (CC0, scraped from km.bayern.de)",2026-08-22,Bayern,München
BY-SCHUL_SCHULSTANDORTEMITTELSCHULEN_3fa85b1e-ed77-4cbc-b9ba-32c2165cc7e6,"Mittelschule München, Torquato-Tasso-Straße 38",Torquato-Tasso-Str. 38,80807,München,,,Mittelschulen,,,,,,11.5817456,48.1800923,BY,"Torquato-Tasso-Str. 38, 80807 München","jedeschule.codefor.de (CC0, scraped from km.bayern.de)",2026-08-22,Bayern,München
BY-SCHUL_SCHULSTANDORTEMITTELSCHULEN_f6c29785-ee6c-4d3c-b0dc-a9db529d0e5e,"Mittelschule München, Sambergerstraße 14",Sambergerstr. 14,81477,München,,,Mittelschulen,,,,,,11.5078634,48.0802935,BY,"Sambergerstr. 14, 81477 München","jedeschule.codefor.de (CC0, scraped from km.bayern.de)",2026-08-22,Bayern,München
BY-SCHUL_SCHULSTANDORTEMITTELSCHULEN_a189cc2a-eecb-4463-825c-1aa84f7152b0,"Mittelschule München, Blumenauer Straße 11",Blumenauer Str. 11,80689,München,,,Mittelschulen,,,,,,11.4744182,48.1277319,BY,"Blumenauer Str. 11, 80689 München","jedeschule.codefor.de (CC0, scraped from km.bayern.de)",2026-08-22,Bayern,München
BY-SCHUL_SCHULSTANDORTEMITTELSCHULEN_b04dbb2c-e499-401f-b7a2-43eb88da9e2c,"Mittelschule München, Feldbergstraße 85",Feldbergstr. 85,81825,München,,,Mittelschulen,,,,,,11.6679275,48.1181083,BY,"Feldbergstr. 85, 81825 München","jedeschule.codefor.de (CC0, scraped from km.bayern.de)",2026-08-22,Bayern,München
BY-SCHUL_SCHULSTANDORTEMITTELSCHULEN_9953a7cb-5d79-4c96-8cf5-2dd70cc141d7,"Mittelschule München, Franz-Nißl-Straße 55",Franz-Nißl-Str. 55,80999,München,,,Mittelschulen,,,,,,11.4610779,48.1935034,BY,"Franz-Nißl-Str. 55, 80999 München","jedeschule.codefor.de (CC0, scraped from km.bayern.de)",2026-08-22,Bayern,München
BY-SCHUL_SCHULSTANDORTEMITTELSCHULEN_25b4363c-9a0c-404a-b543-7f93fa7533d2,"Mittelschule München, Führichstraße 53",Führichstr. 53,81671,München,,,Mittelschulen,,,,,,11.6157326,48.1159573,BY,"Führichstr. 53, 81671 München","jedeschule.codefor.de (CC0, scraped from km.bayern.de)",2026-08-22,Bayern,München
BY-SCHUL_SCHULSTANDORTEMITTELSCHULEN_2e2eadd4-e366-4a06-9482-7aabe577cd53,"Mittelschule München, Fürstenrieder Straße 30",Fürstenrieder Str. 30,80686,München,,,Mittelschulen,,,,,,11.5021911,48.1391381,BY,"Fürstenrieder Str. 30, 80686 München","jedeschule.codefor.de (CC0, scraped from km.bayern.de)",2026-08-22,Bayern,München
BY-SCHUL_SCHULSTANDORTEMITTELSCHULEN_c2055711-26ac-4c86-974a-469cc561e126,"Mittelschule München, Haldenbergerstraße 27",Haldenbergerstr. 27,80997,München,,,Mittelschulen,,,,,,11.4896164,48.1763156,BY,"Haldenbergerstr. 27, 80997 München","jedeschule.codefor.de (CC0, scraped from km.bayern.de)",2026-08-22,Bayern,München
BY-SCHUL_SCHULSTANDORTEMITTELSCHULEN_a7736c33-8661-4205-8b1e-c2e16609d87b,"Mittelschule München, Inzeller Weg 4",Inzeller Weg 4,81825,München,,,Mittelschulen,,,,,,11.6492302,48.1273947,BY,"Inzeller Weg 4, 81825 München","jedeschule.codefor.de (CC0, scraped from km.bayern.de)",2026-08-22,Bayern,München
BY-SCHUL_SCHULSTANDORTEMITTELSCHULEN_d58494a1-efd6-419c-87f9-58c9f84976e0,"Mittelschule München, Schrobenhausener Straße 15",Schrobenhausener Str. 15,80686,München,,,Mittelschulen,,,,,,11.5127487,48.1358793,BY,"Schrobenhausener Str. 15, 80686 München","jedeschule.codefor.de (CC0, scraped from km.bayern.de)",2026-08-22,Bayern,München
BY-SCHUL_SCHULSTANDORTEFOERDERZENTREN_4810ee56-668a-4569-873d-3fe4370e674e,"Sonderpädagogisches Förderzentrum München Mitte 3, Am Westpark",Gilmstr. 46,81377,München,,,Förderzentren,,,,,,11.5068043,48.1201455,BY,"Gilmstr. 46, 81377 München","jedeschule.codefor.de (CC0, scraped from km.bayern.de)",2026-08-22,Bayern,München
BY-SCHUL_SCHULSTANDORTEFOERDERZENTREN_af42ebc3-4449-424e-82a9-46c96c8ced03,"Musenbergschule, Förderzentrum, Förderschwerpunkt Hören, München",Musenbergstr. 32,81929,München,,,Förderzentren,,,,,,11.6462446,48.1707378,BY,"Musenbergstr. 32, 81929 München","jedeschule.codefor.de (CC0, scraped from km.bayern.de)",2026-08-22,Bayern,München
BY-SCHUL_SCHULSTANDORTEMITTELSCHULEN_ffbbb79b-f403-48ee-bdf0-8f153164fb9a,"Mittelschule München, Stuntzstraße 55",Stuntzstr. 55,81677,München,,,Mittelschulen,,,,,,11.6226373,48.1412539,BY,"Stuntzstr. 55, 81677 München","jedeschule.codefor.de (CC0, scraped from km.bayern.de)",2026-08-22,Bayern,München
BY-SCHUL_SCHULSTANDORTEMITTELSCHULEN_5f87d162-d25c-4558-81ef-3ee7dfe21965,"Mittelschule München, Toni-Pfülf-Straße 30",Toni-Pfülf-Str. 30,80995,München,,,Mittelschulen,,,,,,11.5333697,48.2011819,BY,"Toni-Pfülf-Str. 30, 80995 München","jedeschule.codefor.de (CC0, scraped from km.bayern.de)",2026-08-22,Bayern,München
BY-SCHUL_SCHULSTANDORTEMITTELSCHULEN_ca4fb9cf-b2e7-4d40-ab03-e0abecb28c3d,"Mittelschule München, Ichostraße 2",Ichostr. 2,81541,München,,,Mittelschulen,,,,,,11.5784058,48.1157402,BY,"Ichostr. 2, 81541 München","jedeschule.codefor.de (CC0, scraped from km.bayern.de)",2026-08-22,Bayern,München
BY-SCHUL_SCHULSTANDORTEMITTELSCHULEN_3cd7a9d2-b5fa-40f5-bb3e-0b33d8fbca77,"Mittelschule München, Winthirplatz 6",Winthirplatz 6,80639,München,,,Mittelschulen,,,,,,11.5265471,48.1535457,BY,"Winthirplatz 6, 80639 München","jedeschule.codefor.de (CC0, scraped from km.bayern.de)",2026-08-22,Bayern,München
BY-SCHUL_SCHULSTANDORTEMITTELSCHULEN_1e25e585-6e37-46b5-9c45-51563ce6ae4e,"Mittelschule München, Lehrer-Wirth-Straße 31",Lehrer-Wirth-Str. 31,81829,München,,,Mittelschulen,,,,,,11.6938154,48.1275142,BY,"Lehrer-Wirth-Str. 31, 81829 München","jedeschule.codefor.de (CC0, scraped from km.bayern.de)",2026-08-22,Bayern,München
BY-SCHUL_SCHULSTANDORTEFOERDERZENTREN_9fcdd568-a1c4-45e0-8b0d-7f22f3630841,"Anni-Braun-Schule, Förderzentrum,Förderschwerpunkt Sprache an der Musenbergstraße München",Musenbergstr. 32,81929,München,,,Förderzentren,,,,,,11.6462446,48.1707378,BY,"Musenbergstr. 32, 81929 München","jedeschule.codefor.de (CC0, scraped from km.bayern.de)",2026-08-22,Bayern,München
BY-SCHUL_SCHULSTANDORTEBERUFLICHESCHULEN_582d3eee-370f-4db7-bd1a-57cfa6870193,Staatliche Fachoberschule für Technik München,Orleansstr. 44,81667,München,,,Fachoberschulen,,,,,,11.6018763,48.1264353,BY,"Orleansstr. 44, 81667 München","jedeschule.codefor.de (CC0, scraped from km.bayern.de)",2026-08-22,Bayern,München
BY-SCHUL_SCHULSTANDORTEGYMNASIEN_98ce20ed-d9ec-428f-a3f9-7d07d125c47a,Gymnasium München-Trudering,Friedenspromenade 64,81827,München,,,Gymnasien,,,,,,11.6748416,48.1099045,BY,"Friedenspromenade 64, 81827 München","jedeschule.codefor.de (CC0, scraped from km.bayern.de)",2026-08-22,Bayern,München
BY-SCHUL_SCHULSTANDORTEFOERDERZENTREN_121363a7-a4a3-498e-a2c6-a639438af5f4,Sonderpädagogisches Förderzentrum München-Nord an der Paulckestraße,Paulckestr. 10,80933,München,,,Förderzentren,,,,,,11.5508574,48.2172825,BY,"Paulckestr. 10, 80933 München","jedeschule.codefor.de (CC0, scraped from km.bayern.de)",2026-08-22,Bayern,München
BY-SCHUL_SCHULSTANDORTEBERUFLICHESCHULEN_78d342f2-fa1d-489e-81ed-270285a4456d,"Therese-von-Bayern-Schule, Staatl. Fachoberschule für Wirtschaft München",Lindwurmstr. 90,80337,München,,,Fachoberschulen,,,,,,11.547261,48.1238811,BY,"Lindwurmstr. 90, 80337 München","jedeschule.codefor.de (CC0, scraped from km.bayern.de)",2026-08-22,Bayern,München
BY-SCHUL_SCHULSTANDORTEMITTELSCHULEN_260bd00d-8bc4-4ada-8a92-69e8948de687,"Mittelschule München, Situlistraße 87",Situlistr. 87,80939,München,,,Mittelschulen,,,,,,11.6184894,48.1956789,BY,"Situlistr. 87, 80939 München","jedeschule.codefor.de (CC0, scraped from km.bayern.de)",2026-08-22,Bayern,München
BY-SCHUL_SCHULSTANDORTEMITTELSCHULEN_f6f1998f-7725-49fe-a659-bf184fcbcf3a,"Mittelschule München, Weilerstraße 1",Weilerstr. 1,81541,München,,,Mittelschulen,,,,,,11.5874192,48.1232115,BY,"Weilerstr. 1, 81541 München","jedeschule.codefor.de (CC0, scraped from km.bayern.de)",2026-08-22,Bayern,München
BY-SCHUL_SCHULSTANDORTEMITTELSCHULEN_9db2dcea-a68b-427f-98eb-50efaaa8c642,"Mittelschule München, Fromundstraße 5",Fromundstr. 5,81547,München,,,Mittelschulen,,,,,,11.5763938,48.1081472,BY,"Fromundstr. 5, 81547 München","jedeschule.codefor.de (CC0, scraped from km.bayern.de)",2026-08-22,Bayern,München
BY-SCHUL_SCHULSTANDORTEBERUFLICHESCHULEN_3070b611-0def-4c41-ba93-0f1bbea86e5a,Staatliche Fachoberschule München-West,Bergsonstr. 109,81245,München,,,Fachoberschulen,,,,,,11.4343665,48.1637074,BY,"Bergsonstr. 109, 81245 München","jedeschule.codefor.de (CC0, scraped from km.bayern.de)",2026-08-22,Bayern,München
BY-SCHUL_SCHULSTANDORTEGYMNASIEN_360cb8b1-ee5c-4909-8c6c-1eb24e4871a0,Theresien-Gymnasium München,Kaiser-Ludwig-Platz 3,80336,München,,,Gymnasien,,,,,,11.5565083,48.1319323,BY,"Kaiser-Ludwig-Platz 3, 80336 München","jedeschule.codefor.de (CC0, scraped from km.bayern.de)",2026-08-22,Bayern,München
BY-SCHUL_SCHULSTANDORTEGYMNASIEN_9e2ca571-d8f5-4d72-a37a-63c4c31ce46b,Albert-Einstein-Gymnasium München,Lautererstr. 2,81545,München,,,Gymnasien,,,,,,11.5601922,48.0947335,BY,"Lautererstr. 2, 81545 München","jedeschule.codefor.de (CC0, scraped from km.bayern.de)",2026-08-22,Bayern,München
BY-SCHUL_SCHULSTANDORTEGYMNASIEN_a25b412f-e50b-44bf-be6e-65fa8be6a989,Wittelsbacher-Gymnasium München,Marsplatz 1,80335,München,,,Gymnasien,,,,,,11.5484676,48.145363,BY,"Marsplatz 1, 80335 München","jedeschule.codefor.de (CC0, scraped from km.bayern.de)",2026-08-22,Bayern,München
BY-SCHUL_SCHULSTANDORTEREALSCHULEN_5d572203-e801-4329-ab9f-8bbd0a55896e,Marieluise-Fleißer-Realschule Staatl. Realschule München III,Schwanthalerstr. 87,80336,München,,,Realschulen,,,,,,11.5528271,48.1371051,BY,"Schwanthalerstr. 87, 80336 München","jedeschule.codefor.de (CC0, scraped from km.bayern.de)",2026-08-22,Bayern,München
BY-SCHUL_SCHULSTANDORTEGYMNASIEN_595f0725-e84b-464d-a890-08c71562072f,Oskar-von-Miller-Gymnasium München,Ungererstr. 191,80805,München,,,Gymnasien,,,,,,11.6038956,48.1803755,BY,"Ungererstr. 191, 80805 München","jedeschule.codefor.de (CC0, scraped from km.bayern.de)",2026-08-22,Bayern,München
BY-SCHUL_SCHULSTANDORTEREALSCHULEN_dfc50391-1c25-45fe-918d-81d0b6b3074b,Georg-Büchner-Realschule Staatliche Realschule München I,Droste-Hülshoff-Str. 5,80686,München,,,Realschulen,,,,,,11.5092454,48.1272914,BY,"Droste-Hülshoff-Str. 5, 80686 München","jedeschule.codefor.de (CC0, scraped from km.bayern.de)",2026-08-22,Bayern,München
BY-SCHUL_SCHULSTANDORTEGYMNASIEN_9af8d356-55cb-43dc-b77e-35ef8a0f0bed,Klenze-Gymnasium München,Wackersberger Str. 59,81371,München,,,Gymnasien,,,,,,11.5436835,48.1153885,BY,"Wackersberger Str. 59, 81371 München","jedeschule.codefor.de (CC0, scraped from km.bayern.de)",2026-08-22,Bayern,München
BY-SCHUL_SCHULSTANDORTEGYMNASIEN_ae72d070-a765-4c4f-bd79-61e3f462bc34,Luitpold-Gymnasium München,Seeaustr. 1,80538,München,,,Gymnasien,,,,,,11.5924715,48.1446075,BY,"Seeaustr. 1, 80538 München","jedeschule.codefor.de (CC0, scraped from km.bayern.de)",2026-08-22,Bayern,München
BY-SCHUL_SCHULSTANDORTEGYMNASIEN_7fcb1ac0-c4d4-4306-a80b-1e654e282f2c,Maria-Theresia-Gymnasium München,Regerplatz 1,81541,München,,,Gymnasien,,,,,,11.5886091,48.1241986,BY,"Regerplatz 1, 81541 München","jedeschule.codefor.de (CC0, scraped from km.bayern.de)",2026-08-22,Bayern,München
BY-SCHUL_SCHULSTANDORTEGYMNASIEN_8d964f40-272f-47aa-a1ef-e4420ea3934f,Max-Planck-Gymnasium München,Weinbergerstr. 29,81241,München,,,Gymnasien,,,,,,11.4703754,48.139584,BY,"Weinbergerstr. 29, 81241 München","jedeschule.codefor.de (CC0, scraped from km.bayern.de)",2026-08-22,Bayern,München
BY-SCHUL_SCHULSTANDORTEGYMNASIEN_79492b36-b83c-4fa4-89d8-285be4f98e78,Rupprecht-Gymnasium München,Albrechtstr. 7,80636,München,,,Gymnasien,,,,,,11.544183,48.1515414,BY,"Albrechtstr. 7, 80636 München","jedeschule.codefor.de (CC0, scraped from km.bayern.de)",2026-08-22,Bayern,München
BY-SCHUL_SCHULSTANDORTEGYMNASIEN_45eff82c-d299-4740-832a-b13944a2202f,Pestalozzi-Gymnasium München,Eduard-Schmid-Str. 1,81541,München,,,Gymnasien,,,,,,11.5824139,48.1273073,BY,"Eduard-Schmid-Str. 1, 81541 München","jedeschule.codefor.de (CC0, scraped from km.bayern.de)",2026-08-22,Bayern,München
BY-SCHUL_SCHULSTANDORTEGYMNASIEN_7ad6952d-966b-408e-a1f6-cb29fbe71f05,Wilhelmsgymnasium München,Thierschstr. 46,80538,München,,,Gymnasien,,,,,,11.5886091,48.1381923,BY,"Thierschstr. 46, 80538 München","jedeschule.codefor.de (CC0, scraped from km.bayern.de)",2026-08-22,Bayern,München
BY-SCHUL_SCHULSTANDORTEMITTELSCHULEN_d4693314-b56b-41af-b2d6-a5adfad77f24,Georg-Huber-Mittelschule  Grafing b.München,Am Stadion 2,85567,Grafing b.München,,,Mittelschulen,,,,,,11.9709235,48.0493792,BY,"Am Stadion 2, 85567 Grafing b.München","jedeschule.codefor.de (CC0, scraped from km.bayern.de)",2026-08-22,Bayern,München
BY-SCHUL_SCHULSTANDORTEGYMNASIEN_5348ac21-5a91-41fc-a41a-d166d56fe938,Leonhard-Wagner-Gymnasium Schwabmünchen,Breitweg 16,86830,Schwabmünchen,,,Gymnasien,,,,,,10.7670879,48.1857071,BY,"Breitweg 16, 86830 Schwabmünchen","jedeschule.codefor.de (CC0, scraped from km.bayern.de)",2026-08-22,Bayern,München
BY-SCHUL_SCHULSTANDORTEGYMNASIEN_d33bd2ef-8386-4753-8081-991bf5b8c098,Gymnasium Kirchheim b.München,Heimstettner Str. 3,85551,Kirchheim b.München,,,Gymnasien,,,,,,11.7593884,48.1677894,BY,"Heimstettner Str. 3, 85551 Kirchheim b.München","jedeschule.codefor.de (CC0, scraped from km.bayern.de)",2026-08-22,Bayern,München
BY-SCHUL_SCHULSTANDORTEMITTELSCHULEN_b6142bd1-39ae-442e-b5de-ea714a61367d,Fritz-Schäffer-Mittelschule Ostermünchen in Tuntenhausen,Niedergartenweg 7,83104,Tuntenhausen,,,Mittelschulen,,,,,,12.033207,47.9489061,BY,"Niedergartenweg 7, 83104 Tuntenhausen","jedeschule.codefor.de (CC0, scraped from km.bayern.de)",2026-08-22,Bayern,München
BY-SCHUL_SCHULSTANDORTEREALSCHULEN_5530fea0-9531-4e96-87bc-8c697192118c,Staatl. Realschule Waldmünchen,Dr.-Matthias-Lechner-Str. 11,93449,Waldmünchen,,,Realschulen,,,,,,12.703824,49.3862487,BY,"Dr.-Matthias-Lechner-Str. 11, 93449 Waldmünchen","jedeschule.codefor.de (CC0, scraped from km.bayern.de)",2026-08-22,Bayern,München
BY-SCHUL_SCHULSTANDORTEMITTELSCHULEN_707ba492-7551-4cb6-a4d3-9f07440dad19,Schwarzachtal-Mittelschule Waldmünchen,Dr.-Matthias-Lechner-Str. 8,93449,Waldmünchen,,,Mittelschulen,,,,,,12.7048264,49.38538,BY,"Dr.-Matthias-Lechner-Str. 8, 93449 Waldmünchen","jedeschule.codefor.de (CC0, scraped from km.bayern.de)",2026-08-22,Bayern,München
BY-SCHUL_SCHULSTANDORTEMITTELSCHULEN_6658e87e-20ec-48d3-b98f-5f0a303bda84,"Mittelschule Kirchheim b.München, an der Heimstettner Straße",Heimstettner Str. 12,85551,Kirchheim b.München,,,Mittelschulen,,,,,,11.7561214,48.1684448,BY,"Heimstettner Str. 12, 85551 Kirchheim b.München","jedeschule.codefor.de (CC0, scraped from km.bayern.de)",2026-08-22,Bayern,München
BY-SCHUL_SCHULSTANDORTEREALSCHULEN_ba9ff9dd-627e-4821-b7e9-cfd526a0f2d1,Leonhard-Wagner-Realschule Staatl. Realschule Schwabmünchen,Breitweg 16,86830,Schwabmünchen,,,Realschulen,,,,,,10.7670879,48.1857071,BY,"Breitweg 16, 86830 Schwabmünchen","jedeschule.codefor.de (CC0, scraped from km.bayern.de)",2026-08-22,Bayern,München
BY-SCHUL_SCHULSTANDORTEMITTELSCHULEN_0c726a30-03d8-46b3-90e2-a985f3e4de11,Leonhard-Wagner-Mittelschule Schwabmünchen,Breitweg 16 a,86830,Schwabmünchen,,,Mittelschulen,,,,,,10.7655008,48.1855004,BY,"Breitweg 16 a, 86830 Schwabmünchen","jedeschule.codefor.de (CC0, scraped from km.bayern.de)",2026-08-22,Bayern,München
BY-SCHUL_SCHULSTANDORTEMITTELSCHULEN_bbdd33ca-8bde-4e19-87a1-b423e8e8c0ff,Max-Mannheimer-Mittelschule Garching b. München,St.-Severin-Str. 3,85748,Garching b. München,,,Mittelschulen,,,,,,11.6486017,48.2486821,BY,"St.-Severin-Str. 3, 85748 Garching b. München","jedeschule.codefor.de (CC0, scraped from km.bayern.de)",2026-08-22,Bayern,München
MUCPRIV_sec_8cdf09885b59,Staatlich anerkannte Sabel Realschule München I // der Stiftung Sabel Schulen,Schwanthalerstraße 51,80336,München,,,Sekundarschule,,,,,,11.5576898,48.1371671,,"Schwanthalerstraße 51, 80336 München",private-schools-research-2026-04 (OSM + km.bayern + Places + Gemini),2026-08-22,Bayern,München
MUCPRIV_sec_830fbdff8b5a,Priv. Realschule Huber in München,Kohlstraße 5,80469,München,,,Sekundarschule,,,,,,11.580925800000001,48.131917099999995,,"Kohlstraße 5, 80469 München",private-schools-research-2026-04 (OSM + km.bayern + Places + Gemini),2026-08-22,Bayern,München
MUCPRIV_sec_3afe34e03192,Privates evangelisches Lukas-Gymnasium der // Lukas-Schulen gGmbH München,Riegerhofstraße 18,80686,München,,,Sekundarschule,,,,,,11.501530599999999,48.140573599999996,,"Riegerhofstraße 18, 80686 München",private-schools-research-2026-04 (OSM + km.bayern + Places + Gemini),2026-08-22,Bayern,München
MUCPRIV_sec_11ad4fa494eb,Private staatlich genehmigte neuhof neo Realschule // München der neuhof Bildungswerk gGmbH,Plinganserstraße 138,81369,München,,,Sekundarschule,,,,,,11.540293799999999,48.102155499999995,,"Plinganserstraße 138, 81369 München",private-schools-research-2026-04 (OSM + km.bayern + Places + Gemini),2026-08-22,Bayern,München
MUCPRIV_sec_17352384f302,Kleines privates Lehrinstitut // Derksen München Gymnasium-,Pfingstrosenstraße 73,81377,München,,,Sekundarschule,,,,,,11.4793875,48.108550099999995,,"Pfingstrosenstraße 73, 81377 München",private-schools-research-2026-04 (OSM + km.bayern + Places + Gemini),2026-08-22,Bayern,München
MUCPRIV_sec_a70b35344795,Private Realschule Gut Warnberg der begemann // gemeinnützige GmbH in München,Warnbergstraße 1,81479,München,,,Sekundarschule,,,,,,11.5102433,48.0664388,,"Warnbergstraße 1, 81479 München",private-schools-research-2026-04 (OSM + km.bayern + Places + Gemini),2026-08-22,Bayern,München
MUCPRIV_sec_3f5db51a3632,Erzbischöfliches Edith-Stein-Gymnasium München,Preysingstraße 105,81667,München,,,Sekundarschule,,,,,,11.601851700000001,48.1317656,,"Preysingstraße 105, 81667 München",private-schools-research-2026-04 (OSM + km.bayern + Places + Gemini),2026-08-22,Bayern,München
MUCPRIV_sec_9d764e208cde,Bilinguales Gymnasium Phorms München,Maria-Theresia-Straße 35,81675,München,,,Sekundarschule,,,,,,11.601171299999999,48.147194299999995,,"Maria-Theresia-Straße 35, 81675 München",private-schools-research-2026-04 (OSM + km.bayern + Places + Gemini),2026-08-22,Bayern,München
MUCPRIV_sec_6ef58cf61af2,Privates Jules Verne Gymnasium der Jules Verne // Campus gGmbH in München,Bayerwaldstraße 8,81737,München,,,Sekundarschule,,,,,,11.6304146,48.0911555,,"Bayerwaldstraße 8, 81737 München",private-schools-research-2026-04 (OSM + km.bayern + Places + Gemini),2026-08-22,Bayern,München
MUCPRIV_sec_1bd67114c5c4,Immanuel-Realschule München Priv.chr.RS d. // Fördervereins adventis. Schulen in Bayern e.V.,Am Moosfeld 3,81829,München,,,Sekundarschule,,,,,,11.5103495,48.1094723,,"Am Moosfeld 3, 81829 München",private-schools-research-2026-04 (OSM + km.bayern + Places + Gemini),2026-08-22,Bayern,München
MUCPRIV_sec_bde651592c7a,Privatgymnasium Dr. Florian Überreiter,Pariser Straße 30,81667,München,,,Sekundarschule,,,,,,11.5994966,48.127356,,"Pariser Straße 30, 81667 München",private-schools-research-2026-04 (OSM + km.bayern + Places + Gemini),2026-08-22,Bayern,München
MUCPRIV_sec_9d57740cda7b,Nymphenburger Schulen,Sadelerstraße 10,80638,München,,,Sekundarschule,,,,,,11.5216107,48.1657501,,"Sadelerstraße 10, 80638 München",private-schools-research-2026-04 (OSM + km.bayern + Places + Gemini),2026-08-22,Bayern,München
MUCPRIV_sec_93ab6791bde7,Rudolf-Steiner-Schule,Max-Proebstl-Straße 7,81929,München,,,Sekundarschule,,,,,,11.653052,48.1546323,,"Max-Proebstl-Straße 7, 81929 München",private-schools-research-2026-04 (OSM + km.bayern + Places + Gemini),2026-08-22,Bayern,München
MUCPRIV_sec_228e450f6115,Christophorus-Schule,Leibengerstraße 16,81829,München,,,Sekundarschule,,,,,,11.6818769,48.1421983,,"Leibengerstraße 16, 81829 München",private-schools-research-2026-04 (OSM + km.bayern + Places + Gemini),2026-08-22,Bayern,München
MUCPRIV_sec_d5a8c7523308,Rudolf-Steiner-Schule Ismaning Freie Waldorfschule eG,Dorfstraße 77,85737,Ismaning,,,Sekundarschule,,,,,,11.6861805,48.2154495,,"Dorfstraße 77, 85737 Ismaning",private-schools-research-2026-04 (OSM + km.bayern + Places + Gemini),2026-08-22,Bayern,Ismaning
MUCPRIV_sec_0e1b38e578d3,Obermenzinger Gymnasium,Freseniusstraße 47,81247,München,,,Sekundarschule,,,,,,11.4767999,48.1692214,,"Freseniusstraße 47, 81247 München",private-schools-research-2026-04 (OSM + km.bayern + Places + Gemini),2026-08-22,Bayern,München
MUCPRIV_sec_31922b566d14,Realschulen private Theresia- Gerhardinger-Mädchenrealschule,Mariahilfpl. 13,81541,München,,,Sekundarschule,,,,,,11.5843127,48.1251799,,"Mariahilfpl. 13, 81541 München",private-schools-research-2026-04 (OSM + km.bayern + Places + Gemini),2026-08-22,Bayern,München
MUCPRIV_sec_beb353931997,Maria-Probst-Realschule,Reutberger Str. 14,81371,München,,,Sekundarschule,,,,,,11.5496831,48.1164153,,"Reutberger Str. 14, 81371 München",private-schools-research-2026-04 (OSM + km.bayern + Places + Gemini),2026-08-22,Bayern,München
MUCPRIV_sec_272390ed9f0b,Private Erzbischöfliche Pater-Rupert-Mayer-Realschule Pullach,Wolfratshauser Str. 30,82049,Pullach im Isartal,,,Sekundarschule,,,,,,11.512949400000002,48.060668199999995,,"Wolfratshauser Str. 30, 82049 Pullach im Isartal",private-schools-research-2026-04 (OSM + km.bayern + Places + Gemini),2026-08-22,Bayern,Pullach im Isartal
MUCPRIV_sec_58bf570acf65,Theresia-Gerhardinger-Gymnasium (privat / staatl. anerkannt) / Ausbildungsrichtung: SG; MuG; WSG-W,Blumenstraße 26,80331,München,,,Sekundarschule,,,,,,11.572801199999999,48.1333164,,"Blumenstraße 26, 80331 München",private-schools-research-2026-04 (OSM + km.bayern + Places + Gemini),2026-08-22,Bayern,München
MUCPRIV_sec_43a6bd97b05d,Gymnasium Derksen (privat / staatl. anerkannt) Ausbildungsrichtung: SG; NTG,Pfingstrosenstraße 73,81377,München,,,Sekundarschule,,,,,,11.4793875,48.108550099999995,,"Pfingstrosenstraße 73, 81377 München",private-schools-research-2026-04 (OSM + km.bayern + Places + Gemini),2026-08-22,Bayern,München
MUCPRIV_sec_99a7619227d5,Helene Habermann Gymnasium,Lincolnstraße 92,81549,München,,,Sekundarschule,,,,,,11.604147099999999,48.0953308,,"Lincolnstraße 92, 81549 München",private-schools-research-2026-04 (OSM + km.bayern + Places + Gemini),2026-08-22,Bayern,München
MUCPRIV_sec_fead8f47a2aa,Privates Lyzeum I der Republik Griechenland,Ständlerstraße 36,81549,München,,,Sekundarschule,,,,,,11.603690499999999,48.1040172,,"Ständlerstraße 36, 81549 München",private-schools-research-2026-04 (OSM + km.bayern + Places + Gemini),2026-08-22,Bayern,München
MUCPRIV_sec_c0e27c91fb00,Europäische Schule München - Standort Neuperlach - Höhere Schule,Elise-Aulinger-Straße 21,81739,München,,,Sekundarschule,,,,,,11.640028299999999,48.0957188,,"Elise-Aulinger-Straße 21, 81739 München",private-schools-research-2026-04 (OSM + km.bayern + Places + Gemini),2026-08-22,Bayern,München
MUCPRIV_sec_9c72080558b4,"Congregatio Jesu vorm. Englische Fräulein, Gymnasium Realschule",Maria-Ward-Straße 5-11,80638,München,,,Sekundarschule,,,,,,11.5050524,48.16131790000001,,"Maria-Ward-Straße 5-11, 80638 München",private-schools-research-2026-04 (OSM + km.bayern + Places + Gemini),2026-08-22,Bayern,München
MUCPRIV_sec_b57e26ecc28f,Montessorischule Hohenbrunn,Otto-Hahn-Str. 36,85521,Riemerling,,,Sekundarschule,,,,,,11.6780188,48.055494599999996,,"Otto-Hahn-Str. 36, 85521 Riemerling",private-schools-research-2026-04 (OSM + km.bayern + Places + Gemini),2026-08-22,Bayern,Riemerling
MUCPRIV_sec_8e8ea659e3b1,Montessori Schule Clara Grunwald Unterschleißheim,Birkenallee 1,85716,Unterschleißheim,,,Sekundarschule,,,,,,11.5783098,48.270472899999994,,"Birkenallee 1, 85716 Unterschleißheim",private-schools-research-2026-04 (OSM + km.bayern + Places + Gemini),2026-08-22,Bayern,Unterschleißheim
MUCPRIV_sec_b36ccbc08a16,Jüdisches Gymnasium München,St.-Jakobs-Platz 18,80331,München,,,Sekundarschule,,,,,,11.5719965,48.1346251,,"St.-Jakobs-Platz 18, 80331 München",private-schools-research-2026-04 (OSM + km.bayern + Places + Gemini),2026-08-22,Bayern,München
MUCPRIV_sec_80187ab10f3a,Privates Novalis-Gymnasium der neuhof-Schulen München,Wasserburger Landstraße 205,81827,München,,,Sekundarschule,,,,,,11.540293799999999,48.102155499999995,,"Wasserburger Landstraße 205, 81827 München",private-schools-research-2026-04 (OSM + km.bayern + Places + Gemini),2026-08-22,Bayern,München
MUCPRIV_sec_158c7e78d673,Private Deutsch-Französische Volksschule an der Berlepschstraße,Berlepschstraße 3,81373,München,,,Sekundarschule,,,,,,11.542377700000001,48.1243449,,"Berlepschstraße 3, 81373 München",private-schools-research-2026-04 (OSM + km.bayern + Places + Gemini),2026-08-22,Bayern,München
MUCPRIV_sec_deff16f7c084,Gymnasium der Benediktiner Schäftlarn,Kloster Schäftlarn 2,82067,Schäftlarn,,,Sekundarschule,,,,,,11.441512,47.974,,"Kloster Schäftlarn 2, 82067 Schäftlarn",private-schools-research-2026-04 (OSM + km.bayern + Places + Gemini),2026-08-22,Bayern,Schäftlarn
