schulnummer,schulname,school_type,schulart,strasse,plz,ort,ortsteil,bundesland,stadt,latitude,longitude,telefon,fax,email,website,schulleitung,traegerschaft,data_source,data_retrieved,traffic_accidents_total,traffic_accidents_per_year,traffic_accidents_fatal,traffic_accidents_serious,traffic_accidents_minor,traffic_accidents_bicycle,traffic_accidents_pedestrian,traffic_accidents_school_hours,traffic_nearest_accident_m,traffic_data_years,traffic_data_source,transit_rail_01_name,transit_rail_01_distance_m,transit_rail_01_latitude,transit_rail_01_longitude,transit_rail_01_lines,transit_rail_02_name,transit_rail_02_distance_m,transit_rail_02_latitude,transit_rail_02_longitude,transit_rail_02_lines,transit_rail_03_name,transit_rail_03_distance_m,transit_rail_03_latitude,transit_rail_03_longitude,transit_rail_03_lines,transit_tram_01_name,transit_tram_01_distance_m,transit_tram_01_latitude,transit_tram_01_longitude,transit_tram_01_lines,transit_tram_02_name,transit_tram_02_distance_m,transit_tram_02_latitude,transit_tram_02_longitude,transit_tram_02_lines,transit_tram_03_name,transit_tram_03_distance_m,transit_tram_03_latitude,transit_tram_03_longitude,transit_tram_03_lines,transit_bus_01_name,transit_bus_01_distance_m,transit_bus_01_latitude,transit_bus_01_longitude,transit_bus_01_lines,transit_bus_02_name,transit_bus_02_distance_m,transit_bus_02_latitude,transit_bus_02_longitude,transit_bus_02_lines,transit_bus_03_name,transit_bus_03_distance_m,transit_bus_03_latitude,transit_bus_03_longitude,transit_bus_03_lines,transit_stops_500m,transit_stop_count_1000m,transit_all_lines_1000m,transit_accessibility_score
STG-17634,Albschule,Grundschule,Grundschule,Wurmlinger Straße 61,17634,Stuttgart,Degerloch,Baden-Württemberg,Stuttgart,48.74285732141232,9.163632731756032,0711 21689280,,Poststelle.Albschule@Stuttgart.de,http://www.albschule-degerloch.de/,,Öffentlich,stuttgart.de Adressverzeichnis,2026-08-22,33,11.0,0,2,31,11,0,19,189,"2025,2024,2023",Unfallatlas,U-Bahn (48.7485),698,48.748473,9.167888,,U-Bahn (48.7490),810,48.7490455,9.1694659,,U-Bahn (48.7493),821,48.7492646,9.1691988,,Peregrinastraße,318,48.7442122,9.1598187,,Degerloch Albstraße,380,48.7462613,9.1631143,,Sonnenberg,719,48.7413592,9.1540983,,Albschule,127,48.7430099,9.1653471,,Bus (48.7417),257,48.7416807,9.16665,,Leinfeldener Straße,483,48.7441609,9.1699203,,14,50,,50.0
STG-388037,Altenburgschule Gemeinschaftschule (Außenstelle) Reiterkaserne,Grundschule,Grundschule,Hallschlag 4,38803,Stuttgart,Bad Cannstatt,Baden-Württemberg,Stuttgart,48.81231152358713,9.210278454990831,0711 21667120,,Poststelle.Altenburgschule@stuttgart.de,http://www.altenburgschule.de/,,Öffentlich,stuttgart.de Adressverzeichnis,2026-08-22,36,12.0,0,6,30,7,4,18,58,"2025,2024,2023",Unfallatlas,Stuttgart-Münster,1029,48.8207118,9.2161743,,Bad Cannstatt,1305,48.8014069,9.2168515,,Stuttgart-Ebitzweg,1843,48.8037427,9.2318241,,Mühlsteg,490,48.8096911,9.2156558,,Riethmüllerhaus,499,48.8140452,9.2039927,,Kraftwerk Münster,556,48.8139283,9.2174633,,Altenburg,23,48.8121078,9.2102748,,Am Römerkastell,156,48.8132203,9.208649,,Weingenuss / Römer / Travertinpark,376,48.814515,9.2141788,Blaue Tour,16,55,Blaue Tour,50.0
STG-356705,Altenburgschule Gemeinschaftsschule,Grundschule,Grundschule,Auf der Altenburg 10,35670,Stuttgart,Bad Cannstatt,Baden-Württemberg,Stuttgart,48.811056697728354,9.207739794032952,0711 21667120,,Poststelle.Altenburgschule@stuttgart.de,http://www.altenburgschule.de/,,Öffentlich,stuttgart.de Adressverzeichnis,2026-08-22,38,12.7,0,4,34,10,8,20,156,"2025,2024,2023",Unfallatlas,Stuttgart-Münster,1239,48.8207118,9.2161743,,Bad Cannstatt,1264,48.8014069,9.2168515,,Stuttgart Nordbahnhof,1655,48.80373,9.188064,,Riethmüllerhaus,413,48.8136792,9.2037365,,Glockenstraße (Mahle),418,48.8080817,9.2042424,,Züricher Straße,570,48.8104235,9.2000139,,Altenburg,164,48.8113562,9.2099328,,Am Römerkastell,250,48.8132203,9.208649,,Züricher Straße,440,48.8108989,9.2017391,,19,49,Blaue Tour,50.0
STG-17630,Ameisenbergschule,Grundschule,Grundschule,Ameisenbergstraße 2,17630,Stuttgart,Ost,Baden-Württemberg,Stuttgart,48.78412811023045,9.194410198470054,0711 21659860,,poststelle.ameisenbergschule@stuttgart.de,http://www.ameisenbergschule.de/,,Öffentlich,stuttgart.de Adressverzeichnis,2026-08-22,57,19.0,0,4,53,21,5,43,72,"2025,2024,2023",Unfallatlas,U-Bahn (48.7860),360,48.7859808,9.1903802,,U-Bahn (48.7864),389,48.7863523,9.1903146,,U-Bahn (48.7862),418,48.7861728,9.1896239,,Neckartor,380,48.7861335,9.1902162,,Staatsgalerie,531,48.7831148,9.1873285,,Stöckach,541,48.7889753,9.1949813,,Friedenstraße,145,48.7849225,9.1928419,,Urachstraße,315,48.785793,9.1978892,,Neckartor,367,48.7863572,9.1907168,,18,86,,50.0
STG-17642,Bachschule,Grundschule,Grundschule,Dieterlestraße 26,17642,Stuttgart,Feuerbach,Baden-Württemberg,Stuttgart,48.8060973700795,9.15837710146534,0711 21660470,,poststelle.bachschule@stuttgart.de,http://www.bachschule.de/,,Öffentlich,stuttgart.de Adressverzeichnis,2026-08-22,34,11.3,0,5,29,8,11,18,60,"2025,2024,2023",Unfallatlas,Parkbahnhof,1133,48.8017525,9.1723629,,Stuttgart-Feuerbach,1148,48.813504,9.1693064,,Killesberg,1162,48.7993022,9.1704395,,Wilhelm-Geiger-Platz,613,48.811597,9.1590252,,Föhrich,763,48.8101114,9.1499308,,Feuerbach Bahnhof,1106,48.8136314,9.1682336,,Wildensteinstraße,281,48.8045428,9.1553521,,Hohewartstraße,327,48.8086978,9.1563052,91;N3,Stuttgarter Straße,369,48.8093268,9.1595466,,9,32,"91, N3",50.0
STG-302687,Betty-Hirsch-Schulzentrum (Grundschule),Grundschule,Grundschule,Am Kräherwald 271,30268,Stuttgart,West,Baden-Württemberg,Stuttgart,48.778361495649094,9.138484878064812,0711 6564360,,info@betty-hirsch-schulzentrum.de,http://www.betty-hirsch-schulzentrum.de/,,Öffentlich,stuttgart.de Adressverzeichnis,2026-08-22,20,6.7,0,1,19,6,0,12,57,"2025,2024,2023",Unfallatlas,Seyfferstraße,1507,48.7699486,9.1546074,,Rotebühlstraße/Augustenstraße,1516,48.7697109,9.1544685,,Rotebühlstraße,1549,48.7699271,9.1553158,,Beethovenstraße,398,48.7772148,9.1333445,,Millöckerstraße,485,48.7794218,9.1320614,,Lindpaintnerstraße,574,48.7739984,9.1343028,,Nikolauspflege,51,48.7786559,9.1379462,,Wielandstraße,363,48.775122,9.1391445,40;50;N2,Geibelstraße,388,48.7812256,9.1415028,,27,97,"40, 50, 91, N2",50.0
STG-19796,Carl-Benz-Schule,Grundschule,Grundschule,Weckherlinstraße 8,19796,Stuttgart,Bad Cannstatt,Baden-Württemberg,Stuttgart,48.816719993145696,9.214901141743352,0711 21689144,,poststelle.carl-benz-schule@stuttgart.de,https://carl-benz-schule-stuttgart.edupage.org/,,Öffentlich,stuttgart.de Adressverzeichnis,2026-08-22,25,8.3,0,3,22,4,4,14,147,"2025,2024,2023",Unfallatlas,Stuttgart-Münster,454,48.8207118,9.2161743,,Bad Cannstatt,1709,48.8014069,9.2168515,,Nürnberger Straße,1860,48.806375,9.2348625,,Kraftwerk Münster,363,48.8139283,9.2174633,,Münster Viadukt,537,48.8165867,9.2222362,,Bottroper Straße (Lessing-Schulen),587,48.8209476,9.2100942,,Nastplatz,194,48.8158987,9.2125639,,Weingenuss / Römer / Travertinpark,251,48.814515,9.2141788,Blaue Tour,Dessauer Straße,256,48.8186684,9.2130415,,13,65,"Blaue Tour, N4",50.0
STG-17878,Deutsch-Französische Grundschule Sillenbuch,Grundschule,Grundschule,Silberwaldstraße 22,17878,Stuttgart,Sillenbuch,Baden-Württemberg,Stuttgart,48.74697180408559,9.211366021843132,0711 21620860,,Poststelle.Deutsch.Franzoesische.Grundschule.Stuttgart-Sillenbuch@stuttgart.de,http://dfgs-sillenbuch.de/,,Öffentlich,stuttgart.de Adressverzeichnis,2026-08-22,18,6.0,0,1,17,4,2,11,104,"2025,2024,2023",Unfallatlas,Sillenbuch,305,48.7445102,9.2131869,,U-Bahn (48.7416),783,48.7415862,9.218247,,U-Bahn (48.7409),892,48.7408961,9.2193112,,Silberwald,265,48.7477821,9.2079711,,Sillenbuch,308,48.7444668,9.2131593,,Schemppstraße,831,48.7412781,9.2186974,,Bus (48.7475),215,48.7474635,9.2085354,,Silberwald,219,48.747407,9.208453,,Sillenbuch,229,48.7450915,9.212649,,13,41,,50.0
STG-30694,Eduard-Pfeiffer-Schule,Grundschule,Grundschule,Hospitalstraße 36,30694,Stuttgart,Mitte,Baden-Württemberg,Stuttgart,48.77623975821499,9.171009514339644,0711 2283628,,kis@irgw.de,http://www.irgw.de/grundschule,,Öffentlich,stuttgart.de Adressverzeichnis,2026-08-22,129,43.0,0,16,113,52,26,66,19,"2025,2024,2023",Unfallatlas,Rotebühlplatz,79,48.7755541,9.1712823,,Stuttgart Stadtmitte,139,48.7761945,9.1728998,,Stadtmitte,238,48.7774893,9.1736401,,Berliner Platz (Hohe Straße),206,48.7771517,9.168557,,Rotebühlplatz,236,48.7744652,9.1727667,,Berliner Platz (Liederhalle),292,48.778496,9.1689635,,Bus (48.7756),70,48.7756156,9.1711177,,Rotebühlplatz,72,48.7755901,9.1710681,,Rotebühlplatz Position 2,194,48.7747009,9.1722605,,54,183,"40, 42, 43, N10, N2",50.0
STG-356711,Eichendorffschule Gemeinschaftsschule,Grundschule,Grundschule,Ebitzweg 57,35671,Stuttgart,Bad Cannstatt,Baden-Württemberg,Stuttgart,48.80439608071104,9.237564475468591,0711 21657110,,eichendorffschule@stuttgart.de,http://www.eido-schule.de/,,Öffentlich,stuttgart.de Adressverzeichnis,2026-08-22,25,8.3,0,5,20,9,5,12,108,"2025,2024,2023",Unfallatlas,Nürnberger Straße,296,48.806375,9.2348625,,Stuttgart-Ebitzweg,427,48.8037427,9.2318241,,Stuttgart Neckarpark,1424,48.7918161,9.2411731,,Nürnberger Straße,283,48.8068983,9.2368642,,Augsburger Platz,406,48.8059048,9.2325167,,Ebitzweg,409,48.8037221,9.2320716,,Nürnberger Straße,289,48.8068668,9.2363345,,Augsburger Platz,539,48.8060618,9.2306545,,Antwerpener Straße,590,48.8084432,9.2427647,,7,16,,50.0
STG-356699,Elise von König-Schule Gemeinschaftsschule,Grundschule,Grundschule,Nagoldstraße 7,35669,Stuttgart,Münster,Baden-Württemberg,Stuttgart,48.81992692180281,9.22208050031028,0711 21655490,,poststelle.elise.von.koenig-schule@stuttgart.de,https://www.stuttgart-inklusiv.de/,,Öffentlich,stuttgart.de Adressverzeichnis,2026-08-22,26,8.7,0,2,24,7,4,12,49,"2025,2024,2023",Unfallatlas,Stuttgart-Münster,441,48.8207118,9.2161743,,Nürnberger Straße,1774,48.806375,9.2348625,,Stuttgart-Ebitzweg,1936,48.8037427,9.2318241,,Münster Rathaus,356,48.8211134,9.2265911,,Münster Viadukt,372,48.8165867,9.2222362,,Freibergstraße,485,48.8242839,9.22198,,Dreiecksplatz,28,48.8200489,9.2217427,,Oderstraße,239,48.8205326,9.2189548,,Münster Rathaus,252,48.8199158,9.2255167,,19,50,"Blaue Tour, N4",50.0
STG-19826,Falkertschule,Grundschule,Grundschule,Falkertstraße 27,19826,Stuttgart,West,Baden-Württemberg,Stuttgart,48.77861435907377,9.16506925901214,0711 21621200,,poststelle.falkertschule@stuttgart.de,https://falkertschule.de/,,Öffentlich,stuttgart.de Adressverzeichnis,2026-08-22,102,34.0,0,9,93,28,15,55,61,"2025,2024,2023",Unfallatlas,Rotebühlplatz,568,48.7755541,9.1712823,,U-Bahn (48.7732),622,48.7732147,9.1672656,,Stuttgart Stadtmitte,634,48.7761945,9.1728998,,Berliner Platz (Liederhalle),171,48.7785048,9.1673952,,Berliner Platz (Hohe Straße),253,48.7776072,9.1681723,,Schloss-/Johannesstraße,284,48.7765261,9.1628387,,Berliner Platz (Liederhalle),157,48.7784415,9.1672018,,Berliner Platz (Hohe Straße),233,48.7777029,9.1679351,,Rosenberg-/Seidenstraße,294,48.7812391,9.1655187,,35,155,"40, 42, 43, 44, N10, N2, U4",50.0
STG-19819,Fasanenhofschule,Grundschule,Grundschule,Markus-Schleicher-Straße 15,19819,Stuttgart,Möhringen,Baden-Württemberg,Stuttgart,48.712091630207986,9.156586529538934,0711 21657970,,"poststelle.fasanenhofschule@stuttgart.de, fasanenhofschule@stuttgart.de",http://www.fasanenhofschule-stuttgart.com/,,Öffentlich,stuttgart.de Adressverzeichnis,2026-08-22,10,3.3,0,0,10,4,3,7,196,"2025,2024,2023",Unfallatlas,U-Bahn (48.7175),1278,48.7174685,9.1411963,,Leinfelden,1990,48.6966965,9.1427508,,Oberaichen,2280,48.7052607,9.1272836,,Europaplatz,272,48.7121821,9.1602889,,Fasanenhof (Bonhoefferkirche),325,48.7103671,9.1530074,,EnBW City,799,48.7117374,9.1674598,,Freytagweg,274,48.7096323,9.1568826,,Kurt-Schumacher-Straße,306,48.7122043,9.1524148,,Fasanenhof,312,48.7106224,9.1529576,,17,26,,50.0
STG-52358,Filderschule Degerloch,Grundschule,Grundschule,Leinfeldener Straße 61,52358,Stuttgart,Degerloch,Baden-Württemberg,Stuttgart,48.74485328502709,9.170630947661442,0711 21698331,,filderschule@stuttgart.de,http://www.filderschule-degerloch.de/,,Öffentlich,stuttgart.de Adressverzeichnis,2026-08-22,48,16.0,2,1,45,11,7,34,72,"2025,2024,2023",Unfallatlas,U-Bahn (48.7485),450,48.748473,9.167888,,U-Bahn (48.7490),474,48.7490455,9.1694659,,U-Bahn (48.7493),502,48.7492646,9.1691988,,Degerloch,452,48.7485934,9.1682055,,Degerloch Albstraße,573,48.7462613,9.1631143,,Zahnradbahnhof,588,48.7500549,9.1721042,,Leinfeldener Straße,68,48.744758,9.1697152,,Bus (48.7447),73,48.7447426,9.1696552,,Bus (48.7442),87,48.7441935,9.1699989,,31,54,,50.0
STG-17653,Franz-Schubert-Schule,Grundschule,Grundschule,Schumannstraße 8,17653,Stuttgart,Botnang,Baden-Württemberg,Stuttgart,48.77846241806444,9.129038652833222,0711 21657540,,poststelle.franz-schubert-schule@stuttgart.de,http://www.franz-schubert-schule.de/,,Öffentlich,stuttgart.de Adressverzeichnis,2026-08-22,42,14.0,0,4,38,14,8,26,56,"2025,2024,2023",Unfallatlas,Seyfferstraße,2099,48.7699486,9.1546074,,Rotebühlstraße/Augustenstraße,2102,48.7697109,9.1544685,,Rotebühlstraße,2147,48.7699271,9.1553158,,Eltinger Straße,181,48.7792397,9.1268686,,Millöckerstraße,246,48.7794218,9.1320614,,Beethovenstraße,345,48.7772148,9.1333445,,Bus (48.7783),126,48.778308,9.1273395,,Ortsmitte,130,48.778347,9.1272696,,Eltinger Straße,158,48.7791168,9.127117,,25,68,"40, 50, 91, N2",50.0
STG-271142,Freie element-i Schule Grundschule in Stuttgart,Grundschule,Grundschule,Breitwiesenstraße 8,27114,Stuttgart,Möhringen,Baden-Württemberg,Stuttgart,48.72229741281448,9.123483503538356,0711 6569601010,,schule@element-i.de,http://www.element-i.de/,,Privat,stuttgart.de Adressverzeichnis,2026-08-22,24,8.0,0,2,22,8,1,16,115,"2025,2024,2023",Unfallatlas,Stuttgart-Vaihingen,887,48.7264626,9.1131764,,Stuttgart-Rohr,1217,48.7177263,9.1084072,,U-Bahn (48.7175),1406,48.7174685,9.1411963,,Lapp Kabel,191,48.7228799,9.1210289,,Dürrlewang,509,48.7193705,9.1181455,,SSB am Wallgraben,535,48.7270363,9.1247795,,Gewerbestraße,182,48.7218683,9.1210865,,Gewerbestraße (Lapp Kabel),184,48.7218281,9.1210847,,Berufsbildungszentrum,184,48.7239146,9.1229705,,21,59,,50.0
STG-54283,Freie Kolping-Grundschule Villa Scheufelen,Grundschule,Grundschule,Stafflenbergstraße 51,54283,Stuttgart,Mitte,Baden-Württemberg,Stuttgart,48.77362787889117,9.19017765846068,0711 21472540,,grundschule@kbw-gruppe.de,https://www.kolping-grundschule.de/,,Privat,stuttgart.de Adressverzeichnis,2026-08-22,49,16.3,2,5,42,19,12,33,168,"2025,2024,2023",Unfallatlas,Charlottenplatz,532,48.7752732,9.1833534,,Rathaus,666,48.773793,9.1810868,,Eingang Rathaus (U-Bahn),717,48.774433,9.1804719,,Stafflenbergstraße,235,48.7754068,9.1919157,,Bubenbad,291,48.7740199,9.1941075,,Olgaeck,305,48.7740546,9.1860707,,Olgaeck,191,48.7735465,9.1875753,,Stafflenbergstraße,238,48.7754283,9.1919252,,Bubenbad,324,48.7735122,9.1946001,,25,111,,50.0
STG-17660,Fuchsrainschule,Grundschule,Grundschule,Gablenberger Weg 25,17660,Stuttgart,Ost,Baden-Württemberg,Stuttgart,48.76971192670434,9.202329597962532,0711 21692399,,poststelle.fuchsrainschule@stuttgart.de,http://www.fuchsrainschule.de/,,Öffentlich,stuttgart.de Adressverzeichnis,2026-08-22,13,4.3,0,1,12,3,1,8,137,"2025,2024,2023",Unfallatlas,Charlottenplatz,1522,48.7752732,9.1833534,,Rathaus,1622,48.773793,9.1810868,,Eingang Rathaus (U-Bahn),1686,48.774433,9.1804719,,Geroksruhe,392,48.7662661,9.2011828,,Payerstraße,482,48.7697116,9.1957562,,Bubenbad,647,48.7726548,9.1947206,,Albert-Schäffle-Straße,265,48.7714918,9.2047398,,Geroksruhe,357,48.7666401,9.2008994,,Payerstraße,433,48.7704082,9.1965169,,17,48,,50.0
STG-45077,Galileo Grundschule,Grundschule,Grundschule,Alexanderstraße 22,45077,Stuttgart,Mitte,Baden-Württemberg,Stuttgart,48.77499749670294,9.188821757279664,0711 51889475,,info@galileo-grundschule.de,http://www.galileo-grundschule.de/,,Öffentlich,stuttgart.de Adressverzeichnis,2026-08-22,86,28.7,2,6,78,29,13,58,48,"2025,2024,2023",Unfallatlas,Charlottenplatz,402,48.7752732,9.1833534,,Rathaus,582,48.773793,9.1810868,,Eingang Rathaus (U-Bahn),615,48.774433,9.1804719,,Olgaeck,227,48.7740546,9.1860707,,Stafflenbergstraße,231,48.7754068,9.1919157,,Eugensplatz,322,48.7777268,9.1903003,,Olgaeck,160,48.7741143,9.1871045,,Stafflenbergstraße,232,48.7754283,9.1919252,,Eugensplatz,310,48.7776331,9.1901995,,46,120,,50.0
STG-17703,Grundschule am Stadtpark,Grundschule,Grundschule,Marconistraße 65,17703,Stuttgart,Zuffenhausen,Baden-Württemberg,Stuttgart,48.829438397477006,9.15421312569478,0711 21633850,,"Poststelle.Hohensteinschule@stuttgart.de, grundschuleamstadtpark@stuttgart.de",http://www.grundschuleamstadtpark.de/,,Öffentlich,stuttgart.de Adressverzeichnis,2026-08-22,22,7.3,0,4,18,8,1,11,43,"2025,2024,2023",Unfallatlas,Stuttgart Neuwirtshaus (Porscheplatz),511,48.8338388,9.1522098,,Stuttgart-Zuffenhausen,951,48.8295258,9.16721,,U-Bahn (48.8323),1218,48.8322673,9.1702915,,Salzwiesenstraße,998,48.836378,9.1628615,,Wimpfener Straße,1098,48.8382484,9.1610008,,Kirchtalstraße,1235,48.8322682,9.1705308,,Schlotwiese,85,48.8292776,9.1530812,,Marconistraße,412,48.8329281,9.1561245,,Marconibrücke,481,48.8327893,9.1583752,,7,40,,50.0
STG-17638,Grundschule Birkach,Grundschule,Grundschule,Moosheimer Straße 11,17638,Stuttgart,Birkach,Baden-Württemberg,Stuttgart,48.72292493645163,9.206655962822074,0711 21634450,,poststelle.grundschule.birkach@stuttgart.de,https://www.stuttgart-inklusiv.de/,,Öffentlich,stuttgart.de Adressverzeichnis,2026-08-22,9,3.0,0,1,8,3,2,6,236,"2025,2024,2023",Unfallatlas,U-Bahn (48.7409),2203,48.7408961,9.2193112,,U-Bahn (48.7416),2242,48.7415862,9.218247,,Sillenbuch,2447,48.7445102,9.2131869,,Plieningen,1450,48.7102928,9.2017553,,Schemppstraße,2224,48.7412781,9.2186974,,Bockelstraße,2426,48.7396825,9.2278458,,Bus (48.7237),93,48.7236959,9.2071599,,Birkheckenstraße,94,48.7229342,9.2079319,,Bus (48.7230),96,48.7229647,9.2079692,,15,35,,50.0
STG-17909,Grundschule Burgholzhof,Grundschule,Grundschule,James-F.-Byrnes-Straße 3,17909,Stuttgart,Bad Cannstatt,Baden-Württemberg,Stuttgart,48.81694489556686,9.189238071075106,0711 21621190,,poststelle.grundschule.burgholzhof@stuttgart.de,https://www.grundschule-burgholzhof.de/,,Öffentlich,stuttgart.de Adressverzeichnis,2026-08-22,6,2.0,0,2,4,2,0,4,140,"2025,2024,2023",Unfallatlas,Maybachstraße,1076,48.8110745,9.177559,,Stuttgart Nordbahnhof,1472,48.80373,9.188064,,Stuttgart-Feuerbach,1509,48.813504,9.1693064,,Sieglestraße,864,48.8157588,9.1775704,,Pragsattel,934,48.8095572,9.1831651,,Löwentor,956,48.8083697,9.190087,,Yitzhak-Rabin-Straße,90,48.8162712,9.1885534,,Burgholzhof,160,48.8174316,9.1912989,,Alter Gutshof,165,48.818102,9.1906404,,14,33,,50.0
STG-17664,Grundschule Gaisburg,Grundschule,Grundschule,Landhausstraße 255,17664,Stuttgart,Ost,Baden-Württemberg,Stuttgart,48.783520011797734,9.217550034528694,0711 21621040,,poststelle.grundschule.gaisburg@stuttgart.de,https://www.stuttgart-inklusiv.de/,,Öffentlich,stuttgart.de Adressverzeichnis,2026-08-22,46,15.3,0,5,41,10,13,31,22,"2025,2024,2023",Unfallatlas,Stuttgart Neckarpark,1961,48.7918161,9.2411731,,Bad Cannstatt,1990,48.8014069,9.2168515,,U-Bahn (48.7860),2009,48.7859808,9.1903802,,Gaisburg,126,48.7837933,9.2158815,,Wangener-/Landhausstraße,390,48.7823783,9.2225894,,Schlachthof,405,48.7871649,9.2176171,,Tal-/Landhausstraße,300,48.7848917,9.2140299,,Bus (48.7866),346,48.7866295,9.2177024,,Schlachthof,355,48.7867115,9.217646,,17,46,,50.0
STG-17696,Grundschule Heumaden,Grundschule,Grundschule,Lange Morgen 19,17696,Stuttgart,Sillenbuch,Baden-Württemberg,Stuttgart,48.741491065149425,9.23122872240239,0711 21633670,,gs.heumaden@stuttgart.de,http://www.gs-heumaden.de/,,Öffentlich,stuttgart.de Adressverzeichnis,2026-08-22,16,5.3,0,3,13,3,3,10,151,"2025,2024,2023",Unfallatlas,U-Bahn (48.7409),876,48.7408961,9.2193112,,U-Bahn (48.7416),952,48.7415862,9.218247,,Sillenbuch,1365,48.7445102,9.2131869,,Bockelstraße,319,48.7396825,9.2278458,,Heumaden,420,48.7381366,9.2338599,,Schemppstraße,919,48.7412781,9.2186974,,Isegrimweg,189,48.7429612,9.2299368,,Bus (48.7431),199,48.7430556,9.2299035,,Bus (48.7432),209,48.7431875,9.2300058,,13,36,,50.0
STG-19833,Grundschule Hofen,Grundschule,Grundschule,Walchenseestraße 15,19833,Stuttgart,Mühlhausen,Baden-Württemberg,Stuttgart,48.8338361477254,9.22590293529422,0711 21621060,,poststelle.grundschule.hofen@stuttgart.de,http://www.grundschule-hofen.de/,,Öffentlich,stuttgart.de Adressverzeichnis,2026-08-22,20,6.7,0,4,16,11,2,7,140,"2025,2024,2023",Unfallatlas,Stuttgart-Münster,1624,48.8207118,9.2161743,,Stuttgart-Zazenhausen,1947,48.8360504,9.1995088,,Schmiden Stadion,1980,48.8317966,9.2527812,,Hofen,397,48.8363492,9.2220555,,Auwiesen,628,48.8394484,9.2248974,,Max-Eyth-See,713,48.8327606,9.2162953,,Alpseeweg,233,48.8334496,9.2290337,,Nixenweg,338,48.8317214,9.2225926,,Hofen,372,48.8365128,9.222855,,14,47,,50.0
STG-432053,Grundschule im Bildungshaus NeckarPark,Grundschule,Grundschule,Eugenie-von-Soden-Weg 30,43205,Stuttgart,Bad Cannstatt,Baden-Württemberg,Stuttgart,48.79702550679411,9.225574201135098,0711 21635700,,grundschule.neckarpark@stuttgart.de,https://gs-bildungshaus-neckarpark.de/,,Öffentlich,stuttgart.de Adressverzeichnis,2026-08-22,47,15.7,0,4,43,14,9,21,133,"2025,2024,2023",Unfallatlas,Bad Cannstatt,803,48.8014069,9.2168515,,Stuttgart-Ebitzweg,876,48.8037427,9.2318241,,Nürnberger Straße,1242,48.806375,9.2348625,,NeckarPark (Stadion),381,48.7936026,9.2254144,,Cannstatter Wasen,401,48.7965168,9.2201493,,Straßenbahnmuseum,626,48.7990737,9.2176154,,Hanna-Henning-Straße,143,48.7959737,9.2266945,,NeckarPark (Stadion),379,48.7936434,9.2261713,,Veielbrunnenweg,393,48.7986016,9.2207716,,12,38,,50.0
STG-19815,Grundschule Kaltental,Grundschule,Grundschule,Fuchswaldstraße 43,19815,Stuttgart,Süd,Baden-Württemberg,Stuttgart,48.743419935391785,9.13176457748831,0711 21634400,,poststelle.grundschule.kaltental@stuttgart.de,http://www.grundschule-kaltental.de/,,Öffentlich,stuttgart.de Adressverzeichnis,2026-08-22,19,6.3,0,2,17,14,1,10,279,"2025,2024,2023",Unfallatlas,Stuttgart Österfeld,1284,48.7375038,9.1167264,,U-Bahn (48.7442),1861,48.7441968,9.1064073,,U-Bahn (48.7445),1878,48.744467,9.1061977,,Waldeck,249,48.7448321,9.1344062,,Kaltental,439,48.7396556,9.1299508,,Engelboldstraße,687,48.7376993,9.1282135,,Waldeck,221,48.7452737,9.1328568,,Kaltental,362,48.740274,9.1304719,,Im Elsental,392,48.7446858,9.126768,,17,31,,50.0
STG-17925,Grundschule Mühlhausen,Grundschule,Grundschule,Aldinger Straße 131,17925,Stuttgart,Mühlhausen,Baden-Württemberg,Stuttgart,48.843580744404754,9.233892654620382,0711 21635130,,poststelle.grundschule.muehlhausen@stuttgart.de,https://www.stuttgart-inklusiv.de/,,Öffentlich,stuttgart.de Adressverzeichnis,2026-08-22,24,8.0,0,1,23,8,1,17,120,"2025,2024,2023",Unfallatlas,Schmiden Stadion,1905,48.8317966,9.2527812,,Schmiden Postweg,2050,48.8312283,9.2546816,,Stuttgart-Zazenhausen,2652,48.8360504,9.1995088,,Mühlhausen,382,48.8411759,9.2301625,,Auwiesen,803,48.8394484,9.2248974,,Mönchfeld,1165,48.844359,9.2180192,,Mühlhausen Schloss,287,48.8434939,9.2299664,,Mühlhausen,311,48.8421871,9.2302051,,Mühlhausen Bachhalde,492,48.8455481,9.2278633,,16,29,,50.0
STG-17941,Grundschule Obertürkheim,Grundschule,Grundschule,Uhlbacher Straße 18,17941,Stuttgart,Obertürkheim,Baden-Württemberg,Stuttgart,48.76358182709804,9.270043925077587,0711 21633999,,grundschule.obertuerkheim@stuttgart.de,http://www.grundschule-obertuerkheim.de/,,Öffentlich,stuttgart.de Adressverzeichnis,2026-08-22,23,7.7,0,5,18,9,6,12,101,"2025,2024,2023",Unfallatlas,Stuttgart-Obertürkheim,247,48.7617575,9.2681173,,Esslingen-Mettingen,1866,48.7472159,9.2756947,,Stuttgart-Untertürkheim,2306,48.7798209,9.2504725,,Hedelfingen,1221,48.760143,9.2542275,,Stadtwerke Stuttgart,1585,48.7669119,9.2490146,,Wangen Marktplatz,2009,48.7715166,9.2454169,,Bus (48.7626),173,48.7625993,9.2682096,,Obertürkheim Bahnhof,178,48.7622169,9.2687667,,Bergstaffelstraße,359,48.7655063,9.2661176,,16,45,,50.0
STG-17913,Grundschule Riedenberg,Grundschule,Grundschule,Klara-Neuburger-Straße 2,17913,Stuttgart,Sillenbuch,Baden-Württemberg,Stuttgart,48.73870274990786,9.22184488134594,0711 21680960,,poststelle.grundschule.riedenberg@stuttgart.de,http://www.grundschule-riedenberg.de/,,Öffentlich,stuttgart.de Adressverzeichnis,2026-08-22,20,6.7,0,4,16,4,5,11,84,"2025,2024,2023",Unfallatlas,U-Bahn (48.7409),307,48.7408961,9.2193112,,U-Bahn (48.7416),415,48.7415862,9.218247,,Sillenbuch,906,48.7445102,9.2131869,,Schemppstraße,368,48.7412781,9.2186974,,Bockelstraße,453,48.7396825,9.2278458,,Heumaden,883,48.7381366,9.2338599,,Geschwister-Scholl-Gymnasium,127,48.7379264,9.2205654,,Kemnater Straße,167,48.7398264,9.2203413,,Bus (48.7403),183,48.7402907,9.2211993,,21,53,,50.0
STG-56088,Grundschule Stuttgart-Stammheim,Grundschule,Grundschule,Fliegenweg 4,56088,Stuttgart,Stammheim,Baden-Württemberg,Stuttgart,48.84812264078773,9.154352275672707,0711 21659730,,poststelle.grundschulestammheim@stuttgart.de,https://grundschule-stammheim.de/,,Öffentlich,stuttgart.de Adressverzeichnis,2026-08-22,28,9.3,0,1,27,10,9,16,97,"2025,2024,2023",Unfallatlas,Stuttgart Neuwirtshaus (Porscheplatz),1596,48.8338388,9.1522098,,U-Bahn (48.8323),2114,48.8322673,9.1702915,,U-Bahn (48.8322),2129,48.8322288,9.1705762,,Stammheim,252,48.850041,9.1561744,,Korntaler Straße,258,48.8466944,9.157128,,Heutingsheimer Straße,728,48.8424502,9.1593153,,Freihofplatz,153,48.8492863,9.1554571,,Wespenweg,166,48.8494183,9.153212,,Stammheim,191,48.8494647,9.1559825,,28,70,,50.0
STG-17781,Grundschule Uhlbach,Grundschule,Grundschule,Luise-Benger-Straße 10,17781,Stuttgart,Obertürkheim,Baden-Württemberg,Stuttgart,48.77513232789929,9.281470880228268,0711 21633580,,poststelle.grundschule.uhlbach@stuttgart.de,https://www.grundschule-uhlbach.de/,,Öffentlich,stuttgart.de Adressverzeichnis,2026-08-22,3,1.0,0,0,3,0,1,2,314,"2025,2024,2023",Unfallatlas,Stuttgart-Obertürkheim,1780,48.7617575,9.2681173,,Stuttgart-Untertürkheim,2330,48.7798209,9.2504725,,Esslingen-Mettingen,3133,48.7472159,9.2756947,,Untertürkheim Bf,2354,48.779238,9.2499527,,Stadtwerke Stuttgart,2548,48.7669119,9.2490146,,Schlotterbeckstraße,2583,48.7841027,9.2489496,,Uhlbach,187,48.7755598,9.2790021,,Bus (48.7756),194,48.7755961,9.2789153,,Bus (48.7744),262,48.7744087,9.2780621,,6,8,,46.0
STG-17839,Grundschule Zazenhausen,Grundschule,Grundschule,Landsknechtstraße 3,17839,Stuttgart,Zuffenhausen,Baden-Württemberg,Stuttgart,48.841838351010715,9.193556778183728,0711 21621050,,poststelle.grundschule.zazenhausen@stuttgart.de,http://www.grundschule-zazenhausen.de/,,Öffentlich,stuttgart.de Adressverzeichnis,2026-08-22,9,3.0,1,1,7,6,0,5,262,"2025,2024,2023",Unfallatlas,Stuttgart-Zazenhausen,777,48.8360504,9.1995088,,U-Bahn (48.8321),1957,48.8321247,9.171266,,U-Bahn (48.8322),1993,48.8322288,9.1705762,,Himmelsleiter,769,48.8374087,9.201619,,Tapachstraße,891,48.8339314,9.1955664,,Suttnerstraße,965,48.8406191,9.2066065,,Zazenhausen Viadukt,258,48.8395526,9.1941786,,Krone,346,48.8406988,9.1979599,,Steigle,473,48.842753,9.1998758,,12,21,,50.0
STG-17680,Hattenbühlschule,Grundschule,Grundschule,Linzer Straße 90,17680,Stuttgart,Feuerbach,Baden-Württemberg,Stuttgart,48.81691793638405,9.1528397525413,0711 21634380,,poststelle.hattenbuehlschule@stuttgart.de,https://www.hattenbuehlschule.de/,,Öffentlich,stuttgart.de Adressverzeichnis,2026-08-22,3,1.0,0,1,2,2,0,2,161,"2025,2024,2023",Unfallatlas,Stuttgart-Feuerbach,1264,48.813504,9.1693064,,Stuttgart-Zuffenhausen,1753,48.8295258,9.16721,,Stuttgart Neuwirtshaus (Porscheplatz),1882,48.8338388,9.1522098,,Wilhelm-Geiger-Platz,745,48.811597,9.1590252,,Föhrich,786,48.8101114,9.1499308,,Sportpark Feuerbach,1107,48.8097738,9.1423202,,Kerschensteinerschule,532,48.8133164,9.157613,,Wilhelm-Geiger-Platz,719,48.8116714,9.1585692,,Bus (48.8101),769,48.8101391,9.1507947,,0,19,"91, N3",20.0
STG-421397,Hattenbühlschule Standort Sartoriusstraße,Grundschule,Grundschule,Sartoriusstraße 3,42139,Stuttgart,Feuerbach,Baden-Württemberg,Stuttgart,48.80678251203789,9.157316950456089,0711 21634380,,info@hattenbuehlschule.de,https://www.hattenbuehlschule.de/,,Öffentlich,stuttgart.de Adressverzeichnis,2026-08-22,47,15.7,0,6,41,12,15,24,68,"2025,2024,2023",Unfallatlas,Stuttgart-Feuerbach,1153,48.813504,9.1693064,,Parkbahnhof,1236,48.8017525,9.1723629,,Killesberg,1271,48.7993022,9.1704395,,Wilhelm-Geiger-Platz,550,48.811597,9.1590252,,Föhrich,655,48.8101114,9.1499308,,Feuerbach Bahnhof,1104,48.8136314,9.1682336,,Hohewartstraße,225,48.8086978,9.1563052,91;N3,Wildensteinstraße,288,48.8045428,9.1553521,,Stuttgarter Straße,327,48.8093268,9.1595466,,12,32,"91, N3",50.0
STG-17672,Herbert-Hoover-Schule Standort Freiberg,Grundschule,Grundschule,Adalbert-Stifter-Straße 50,17672,Stuttgart,Mühlhausen,Baden-Württemberg,Stuttgart,48.83823256603454,9.208151960675334,0711 21689855,,Poststelle.Herbert-Hoover-Schule@stuttgart.de,http://www.herbert-hoover-schule.de/,,Öffentlich,stuttgart.de Adressverzeichnis,2026-08-22,27,9.0,0,3,24,8,5,13,246,"2025,2024,2023",Unfallatlas,Stuttgart-Zazenhausen,678,48.8360504,9.1995088,,Stuttgart-Münster,2035,48.8207118,9.2161743,,U-Bahn (48.8321),2784,48.8321247,9.171266,,Suttnerstraße,288,48.8406191,9.2066065,,Himmelsleiter,487,48.8374087,9.201619,,Freiberg,679,48.8441197,9.2106059,,Suttnerstraße,282,48.8407599,9.2078737,,Himmelsleiter,361,48.8374317,9.2033682,,Freiberg,688,48.8439211,9.2118377,,6,33,,50.0
STG-17917,Herbert-Hoover-Schule Standort Mönchfeld,Grundschule,Grundschule,Aalstraße 43,17917,Stuttgart,Mühlhausen,Baden-Württemberg,Stuttgart,48.84296616286752,9.226311981700222,0711 21657150,,Poststelle.Herbert-Hoover-Schule@stuttgart.de,http://www.herbert-hoover-schule.de/,,Öffentlich,stuttgart.de Adressverzeichnis,2026-08-22,26,8.7,0,3,23,7,2,16,158,"2025,2024,2023",Unfallatlas,Stuttgart-Zazenhausen,2107,48.8360504,9.1995088,,Schmiden Stadion,2301,48.8317966,9.2527812,,Schmiden Postweg,2452,48.8312283,9.2546816,,Mühlhausen,345,48.8411759,9.2301625,,Auwiesen,405,48.8394484,9.2248974,,Mönchfeld,626,48.844359,9.2180192,,Mühlhausen Schloss,260,48.8428692,9.2298604,,Mühlhausen,292,48.8420702,9.2300691,,Mühlhausen Bachhalde,298,48.8454678,9.2277674,,25,40,,50.0
STG-17699,Hohewartschule,Grundschule,Grundschule,Hohewartstraße 95,17699,Stuttgart,Feuerbach,Baden-Württemberg,Stuttgart,48.80561715503274,9.147398655476248,0711 21698057,,poststelle.hohewartschule@stuttgart.de,http://www.hohewartschule.de/,,Öffentlich,stuttgart.de Adressverzeichnis,2026-08-22,7,2.3,0,0,7,3,1,4,77,"2025,2024,2023",Unfallatlas,Killesberg,1828,48.7993022,9.1704395,,Stuttgart-Feuerbach,1828,48.813504,9.1693064,,Parkbahnhof,1878,48.8017525,9.1723629,,Föhrich,533,48.8101114,9.1499308,,Sportpark Feuerbach,593,48.8097738,9.1423202,,Wilhelm-Geiger-Platz,1080,48.811597,9.1590252,,Föhrich,557,48.8101435,9.150647,,Bus (48.8101),561,48.8101391,9.1507947,,Wildensteinstraße,584,48.8042108,9.1550818,,0,26,"91, N3",20.0
STG-17707,Jakobschule,Grundschule,Grundschule,Jakobstraße 11,17707,Stuttgart,Mitte,Baden-Württemberg,Stuttgart,48.771797736083165,9.181474034125552,0711 21688101,,jakobschule@stuttgart.de,https://www.jakobschule.de/,,Öffentlich,stuttgart.de Adressverzeichnis,2026-08-22,138,46.0,2,15,121,43,29,72,65,"2025,2024,2023",Unfallatlas,Rathaus,186,48.7726931,9.1793345,,Eingang Rathaus (U-Bahn),302,48.774433,9.1804719,,Eingang Österreichischer Platz (U-Bahn),372,48.7711414,9.1764985,,Rathaus,225,48.7735198,9.1798691,,Dobelstraße,401,48.7697423,9.1859779,,Olgaeck,420,48.7740546,9.1860707,,Rathaus,214,48.7735728,9.18036,,Wilhelm-/Olgastraße,233,48.7697549,9.1807949,,Bus (48.7730),240,48.7729528,9.1787108,,51,154,,50.0
STG-18560,Johannes Brenz Schule (Grundschule),Grundschule,Grundschule,Hohe Straße 11,18560,Stuttgart,Mitte,Baden-Württemberg,Stuttgart,48.77697060002414,9.169541979033752,0711 222656,,info@jbs-stuttgart.de,https://www.stuttgart-inklusiv.de/,,Öffentlich,stuttgart.de Adressverzeichnis,2026-08-22,119,39.7,0,15,104,47,20,64,35,"2025,2024,2023",Unfallatlas,Rotebühlplatz,203,48.7755541,9.1712823,,Stuttgart Stadtmitte,261,48.7761945,9.1728998,,Stadtmitte,306,48.7774893,9.1736401,,Berliner Platz (Hohe Straße),75,48.7771517,9.168557,,Berliner Platz (Liederhalle),175,48.778496,9.1689635,,Rotebühlplatz,365,48.7744652,9.1727667,,Berliner Platz (Hohe Straße),71,48.777221,9.1686443,,Bus (48.7756),190,48.7756156,9.1711177,,Rotebühlplatz,190,48.7755901,9.1710681,,46,184,"40, 42, 43, N10, N2, U4",50.0
STG-17722,Kirchhaldenschule,Grundschule,Grundschule,Corelliweg 7,17722,Stuttgart,Botnang,Baden-Württemberg,Stuttgart,48.78178547143472,9.125834603749306,0711 21634130,,poststelle.kirchhaldenschule@stuttgart.de,http://www.kirchhaldenschule-botnang.de/,,Öffentlich,stuttgart.de Adressverzeichnis,2026-08-22,34,11.3,0,3,31,10,9,23,114,"2025,2024,2023",Unfallatlas,Seyfferstraße,2486,48.7699486,9.1546074,,Rotebühlstraße/Augustenstraße,2491,48.7697109,9.1544685,,Rotebühlstraße,2531,48.7699271,9.1553158,,Eltinger Straße,293,48.7792397,9.1268686,,Botnang,450,48.7786,9.1220463,,Millöckerstraße,527,48.7794218,9.1320614,,Händelstraße,265,48.7805687,9.1289448,,Eltinger Straße,275,48.7793501,9.1265164,,Marktplatz / BW Bank,328,48.7788915,9.1249502,,20,48,91,50.0
STG-356708,Körschtalschule Gemeinschaftsschule,Grundschule,Grundschule,Paracelsusstraße 44,35670,Stuttgart,Plieningen,Baden-Württemberg,Stuttgart,48.706771533607295,9.209675274225509,0711 21698380,,poststelle.koerschtalschule@stuttgart.de,https://koerschtalschule.de/,,Öffentlich,stuttgart.de Adressverzeichnis,2026-08-22,9,3.0,0,1,8,2,2,6,17,"2025,2024,2023",Unfallatlas,Stuttgart Flughafen/Messe,2202,48.6904461,9.1926989,,Echterdingen,3379,48.6921433,9.1693145,,U-Bahn (48.7409),3860,48.7408961,9.2193112,,Plieningen,701,48.7102928,9.2017553,,Flughafen/Messe,2154,48.6917297,9.1911712,,Messe West,2656,48.6908736,9.1826659,,Windhalmweg,349,48.7072757,9.204979,,Fraubronnstraße,479,48.7033917,9.205628,,Universität Hohenheim,557,48.7117748,9.2093252,,8,48,,50.0
STG-17718,Lerchenrainschule,Grundschule,Grundschule,Kelterstraße 52,17718,Stuttgart,Süd,Baden-Württemberg,Stuttgart,48.75717872448472,9.157352485039317,0711 6402083,,poststelle.lerchenrainschule@stuttgart.de,http://www.lerchenrainschule.de/,,Öffentlich,stuttgart.de Adressverzeichnis,2026-08-22,37,12.3,0,4,33,15,7,23,93,"2025,2024,2023",Unfallatlas,Marienplatz,1121,48.764413,9.1679957,,U-Bahn (48.7493),1236,48.7492646,9.1691988,,U-Bahn (48.7485),1238,48.748473,9.167888,,Bihlplatz,496,48.7602174,9.1523944,,Erwin-Schoettle-Platz,664,48.7628752,9.1600896,,Pfaffenweg,839,48.7596512,9.1681634,,Eiernest,144,48.7574998,9.1592555,,Lerchenrainschule,152,48.7569703,9.1593955,,Dornhaldenstraße,270,48.7591703,9.1594509,,11,37,,50.0
STG-17726,Luginslandschule,Grundschule,Grundschule,Margaretenstraße 71,17726,Stuttgart,Untertürkheim,Baden-Württemberg,Stuttgart,48.790060568796335,9.252595632267877,0711 21692370,,poststelle.luginslandschule@stuttgart.de,https://die-lugi.de/,,Öffentlich,stuttgart.de Adressverzeichnis,2026-08-22,17,5.7,0,1,16,5,0,10,208,"2025,2024,2023",Unfallatlas,Stuttgart Neckarpark,859,48.7918161,9.2411731,,Stuttgart-Untertürkheim,1149,48.7798209,9.2504725,,Stuttgart-Ebitzweg,2152,48.8037427,9.2318241,,Eszet,516,48.787575,9.2466518,,Schlotterbeckstraße,714,48.7841027,9.2489496,,Blick,844,48.7932154,9.2421104,,Im Hag,385,48.7869263,9.2548442,,Gehrenwald,468,48.7897661,9.2589748,,Luginsland,614,48.7918876,9.2605063,,6,26,,50.0
STG-50922,Manfred-Ehringer Grundschule,Grundschule,Grundschule,Zuckerfabrik 7,50922,Stuttgart,Bad Cannstatt,Baden-Württemberg,Stuttgart,48.820518035745096,9.21395014032523,0711 2226767,,info@lessing-schulen.de,https://www.lessing-schulen.de/,,Öffentlich,stuttgart.de Adressverzeichnis,2026-08-22,22,7.3,0,2,20,4,5,14,88,"2025,2024,2023",Unfallatlas,Stuttgart-Münster,164,48.8207118,9.2161743,,Stuttgart-Zazenhausen,2025,48.8360504,9.1995088,,Bad Cannstatt,2136,48.8014069,9.2168515,,Bottroper Straße (Lessing-Schulen),286,48.8209476,9.2100942,,Elbestraße,564,48.8255378,9.2128901,,Freibergstraße,722,48.8242839,9.22198,,Bottroper Straße,78,48.8203664,9.212905,,Münster,159,48.8212586,9.2158146,,Weserstraße,215,48.8224407,9.2142657,,21,56,"Blaue Tour, N4",50.0
STG-17921,Maria-Montessori-Schule Hausen,Grundschule,Grundschule,Beim Fasanengarten 9,17921,Stuttgart,Weilimdorf,Baden-Württemberg,Stuttgart,48.81691508028987,9.086173272436296,0711 21657130,,poststelle.maria-montessori.grundschule-hausen@stuttgart.de,http://www.mmgh.de/,,Privat,stuttgart.de Adressverzeichnis,2026-08-22,3,1.0,0,0,3,0,0,3,278,"2025,2024,2023",Unfallatlas,Weilimdorf,834,48.822086,9.0944331,,Ditzingen,1561,48.8235995,9.0674255,,Korntal Gymnasium,2447,48.8305386,9.1124214,,Giebel,1593,48.8026421,9.0881059,,Breitwiesen,1620,48.8024969,9.0829832,,Salamanderweg,1670,48.8026381,9.0932442,,Mönsheimer Weg,26,48.8167928,9.0864785,,Gerlinger Straße,263,48.8145544,9.0864566,,Weilemer Pfad,283,48.8167661,9.0900384,,20,35,,50.0
STG-17737,Marienschule,Grundschule,Grundschule,Römerstraße 16,17737,Stuttgart,Süd,Baden-Württemberg,Stuttgart,48.765390841245015,9.170850202747046,0711 21688356,,marienschule@stuttgart.de,https://www.stuttgart-inklusiv.de/,,Öffentlich,stuttgart.de Adressverzeichnis,2026-08-22,91,30.3,0,8,83,46,11,49,55,"2025,2024,2023",Unfallatlas,Marienplatz,211,48.7643403,9.1684559,,Österreichischer Platz Eingang (U-Bahn),579,48.7697675,9.1751287,,U-Bahn (48.7702),609,48.7702457,9.1747018,,Marienplatz,203,48.7643004,9.1686351,,Liststraße,385,48.7622826,9.1685227,,Pfaffenweg,668,48.7596512,9.1681634,,Lehenstraße,149,48.7640551,9.1709447,,Marienplatz,249,48.7643926,9.1678136,,Markuskirche,282,48.7644777,9.1744349,,23,116,,50.0
STG-18556,Martin-Luther-Schule,Grundschule,Grundschule,Martin-Luther-Straße 57,18556,Stuttgart,Bad Cannstatt,Baden-Württemberg,Stuttgart,48.80361201936636,9.224813865777223,0711 21621080,,poststelle.martin-luther-schule@stuttgart.de,https://www.stuttgart-inklusiv.de/,,Öffentlich,stuttgart.de Adressverzeichnis,2026-08-22,107,35.7,0,7,100,33,19,67,65,"2025,2024,2023",Unfallatlas,Stuttgart-Ebitzweg,514,48.8037427,9.2318241,,Bad Cannstatt,633,48.8014069,9.2168515,,Nürnberger Straße,797,48.806375,9.2348625,,Uff-Kirchhof,176,48.8050105,9.2259419,,Daimlerplatz,464,48.8052948,9.2190147,,Ebitzweg,532,48.8037221,9.2320716,,Uff-Kirchhof,164,48.8049979,9.2255972,,Augsburger Platz,507,48.8060618,9.2306545,,Bad Cannstatt,541,48.8020617,9.2178161,,4,41,,40.0
STG-20780,Merz Schule gGmbH,Grundschule,Grundschule,Albrecht-Leo-Merz-Weg 2,20780,Stuttgart,Ost,Baden-Württemberg,Stuttgart,48.76535710987654,9.202761172126468,0711 210340,,info@merz-schule.de,http://www.merz-schule.de/,,Privat,stuttgart.de Adressverzeichnis,2026-08-22,12,4.0,0,0,12,3,2,8,88,"2025,2024,2023",Unfallatlas,Charlottenplatz,1800,48.7752732,9.1833534,,Rathaus,1845,48.773793,9.1810868,,Eingang Rathaus (U-Bahn),1920,48.774433,9.1804719,,Geroksruhe,154,48.7662661,9.2011828,,Stelle,507,48.7612455,9.1997625,,Payerstraße,703,48.7693249,9.1952857,,Geroksruhe,197,48.7666401,9.2008994,,Stelle,488,48.7613071,9.2002142,,Albert-Schäffle-Straße,697,48.7714918,9.2047398,,7,28,,50.0
STG-42907,Merz Schule Private Grundschule,Grundschule,Grundschule,Albrecht-Leo-Merz-Weg 2,42907,Stuttgart,Ost,Baden-Württemberg,Stuttgart,48.76535710987654,9.202761172126468,0711 210340,,info@merz-schule.de,http://www.merz-schule.de/,,Privat,stuttgart.de Adressverzeichnis,2026-08-22,12,4.0,0,0,12,3,2,8,88,"2025,2024,2023",Unfallatlas,Charlottenplatz,1800,48.7752732,9.1833534,,Rathaus,1845,48.773793,9.1810868,,Eingang Rathaus (U-Bahn),1920,48.774433,9.1804719,,Geroksruhe,154,48.7662661,9.2011828,,Stelle,507,48.7612455,9.1997625,,Payerstraße,703,48.7693249,9.1952857,,Geroksruhe,197,48.7666401,9.2008994,,Stelle,488,48.7613071,9.2002142,,Albert-Schäffle-Straße,697,48.7714918,9.2047398,,7,28,,50.0
STG-17929,Mühlbachhofschule,Grundschule,Grundschule,Parlerstraße 100,17929,Stuttgart,Nord,Baden-Württemberg,Stuttgart,48.795642948364765,9.171742654282871,0711 21657090,,poststelle.muehlbachhofschule@stuttgart.de,http://www.muehlbachhofschule.de/,,Öffentlich,stuttgart.de Adressverzeichnis,2026-08-22,18,6.0,0,0,18,3,1,13,153,"2025,2024,2023",Unfallatlas,Killesberg,418,48.7993022,9.1704395,,Parkbahnhof,681,48.8017525,9.1723629,,U-Bahn (48.7908),845,48.790829,9.1806633,,Killesberg,425,48.7994654,9.1714917,,Pragfriedhof,838,48.7980762,9.182576,,Stadtbibliothek,891,48.7905828,9.1811708,,Obere Mönchhalde,280,48.793681,9.1741298,,Viergiebelweg,284,48.7967654,9.1752225,,Killesberg Pos 3,407,48.7992263,9.1728679,,18,51,"43, 50, N2",50.0
STG-17945,Neuwirtshausschule,Grundschule,Grundschule,Syltstraße 18,17945,Stuttgart,Zuffenhausen,Baden-Württemberg,Stuttgart,48.83618057820715,9.14395882984653,0711 21621250,,"neuwirtshausschule@stuttgart.de, poststelle.neuwirtshausschule@stuttgart.de",http://www.neuwirtshaus-schule.de/,,Öffentlich,stuttgart.de Adressverzeichnis,2026-08-22,29,9.7,0,3,26,9,5,15,30,"2025,2024,2023",Unfallatlas,Stuttgart Neuwirtshaus (Porscheplatz),658,48.8338388,9.1522098,,Stuttgart-Zuffenhausen,1856,48.8295258,9.16721,,Korntal,1969,48.8265137,9.1214162,,Wimpfener Straße,1265,48.8382836,9.1609494,,Heutingsheimer Straße,1321,48.8424416,9.1593042,,Salzwiesenstraße,1384,48.836378,9.1628615,,Borkumstraße (Neuwirtshaussiedlung),142,48.8349193,9.1442442,,Borkumstraße,145,48.8349049,9.1443551,,Nordsee-/Schwieberdinger Straße,205,48.8362373,9.1467567,,9,33,,50.0
STG-17770,Österfeldschule,Grundschule,Grundschule,Katzenbachstraße 27,17770,Stuttgart,Vaihingen,Baden-Württemberg,Stuttgart,48.732763927468895,9.11057616565313,0711 21660450,,oesterfeldschule@stuttgart.de,http://www.oesterfeldschule.de/,,Öffentlich,stuttgart.de Adressverzeichnis,2026-08-22,62,20.7,0,3,59,24,11,41,82,"2025,2024,2023",Unfallatlas,Stuttgart Österfeld,694,48.7375038,9.1167264,,Stuttgart-Vaihingen,726,48.7264626,9.1131764,,U-Bahn (48.7442),1308,48.7441968,9.1064073,,Vaihingen Schillerplatz,340,48.7301395,9.1129629,,Fauststraße,348,48.7319027,9.1151364,,Vaihingen Viadukt,602,48.7332592,9.1187471,,Vaihingen Rathaus,179,48.7313239,9.1094918,,Kreuzstraße,181,48.7335141,9.1083788,,Fauststraße,292,48.7318011,9.1142802,,23,62,"008/043, 042, 751, Flixbus 008",50.0
STG-47421,Österfeldschule (Außenstelle),Grundschule,Grundschule,Pfarrhausstraße 21,47421,Stuttgart,Vaihingen,Baden-Württemberg,Stuttgart,48.732971990974114,9.109366276214525,0711 21660467,,,https://www.stuttgart-inklusiv.de/,,Öffentlich,stuttgart.de Adressverzeichnis,2026-08-22,60,20.0,0,3,57,22,11,39,61,"2025,2024,2023",Unfallatlas,Stuttgart Österfeld,738,48.7375038,9.1167264,,Stuttgart-Vaihingen,776,48.7264626,9.1131764,,U-Bahn (48.7442),1267,48.7441968,9.1064073,,Vaihingen Schillerplatz,411,48.7301395,9.1129629,,Fauststraße,440,48.7319027,9.1151364,,Vaihingen Viadukt,689,48.7332592,9.1187471,,Kreuzstraße,94,48.7335141,9.1083788,,Vaihingen Rathaus,183,48.7313239,9.1094918,,Alter Friedhof,350,48.7356235,9.1068044,,23,64,"008/043, 042, 751, Flixbus 008",50.0
STG-16260,Österfeldschule (Außenstelle ),Grundschule,Grundschule,Liasweg 4,16260,Stuttgart,Vaihingen,Baden-Württemberg,Stuttgart,48.73271617044893,9.12223067928046,0711 7803579,,,https://www.stuttgart-inklusiv.de/,,Öffentlich,stuttgart.de Adressverzeichnis,2026-08-22,21,7.0,0,2,19,15,0,12,33,"2025,2024,2023",Unfallatlas,Stuttgart Österfeld,668,48.7375038,9.1167264,,Stuttgart-Vaihingen,962,48.7264626,9.1131764,,U-Bahn (48.7442),1725,48.7441968,9.1064073,,Vaihingen Viadukt,263,48.7332592,9.1187471,,Fauststraße,528,48.7319027,9.1151364,,Jurastraße,558,48.7289486,9.1172043,,Wallgraben,449,48.7294391,9.1258119,,Fanny-Leicht-Straße,495,48.72986,9.1170556,,Fauststraße,525,48.7317796,9.1152171,,4,49,,40.0
STG-17933,Pelikanschule,Grundschule,Grundschule,Pelikanstraße 71,17933,Stuttgart,Mühlhausen,Baden-Württemberg,Stuttgart,48.833274649015294,9.232318505248864,0711 21698930,,poststelle.grundschule.neugereut@stuttgart.de,https://www.pelikanschule.de/,,Öffentlich,stuttgart.de Adressverzeichnis,2026-08-22,14,4.7,0,2,12,5,2,6,215,"2025,2024,2023",Unfallatlas,Schmiden Stadion,1507,48.8317966,9.2527812,,Schmiden Postweg,1653,48.8312283,9.2546816,,Stuttgart-Münster,1830,48.8207118,9.2161743,,Neugereut,333,48.8320827,9.2364925,,Steinhaldenfeld,538,48.8284597,9.231646,,Hofen,825,48.8363492,9.2220555,,Alpseeweg,194,48.8336587,9.2297376,,Wildgansweg,239,48.8353898,9.2317026,,Marabustraße,289,48.8308457,9.2337182,,14,42,,50.0
STG-17847,Pfaffenwaldschule,Grundschule,Grundschule,An der Betteleiche 1,17847,Stuttgart,Vaihingen,Baden-Württemberg,Stuttgart,48.7464108326482,9.11064691210447,0711 21693280,,poststelle.pfaffenwaldschule@stuttgart.de,http://www.pfaffenwaldschule.de/,,Öffentlich,stuttgart.de Adressverzeichnis,2026-08-22,20,6.7,0,3,17,8,1,13,59,"2025,2024,2023",Unfallatlas,Stuttgart Universität,380,48.7452713,9.105765,,U-Bahn (48.7460),386,48.7459615,9.1054333,,U-Bahn (48.7445),391,48.744467,9.1061977,,Vaihingen Viadukt,1578,48.7332592,9.1187471,,Kaltental,1602,48.7396556,9.1299508,,Engelboldstraße,1612,48.7376993,9.1282135,,Knappenweg,201,48.7462279,9.1133695,,Universität (Schleife) (Pos. 1),250,48.745787,9.1073767,,Universität (Schleife) Position 3,254,48.7453797,9.1075591,,19,35,,50.0
STG-17752,Pragschule,Grundschule,Grundschule,Friedhofstraße 74,17752,Stuttgart,Nord,Baden-Württemberg,Stuttgart,48.79492722958573,9.180917484792952,0711 21696753,,poststelle.pragschule@stuttgart.de,https://www.pragschule.de/,,Öffentlich,stuttgart.de Adressverzeichnis,2026-08-22,60,20.0,0,5,55,13,5,33,91,"2025,2024,2023",Unfallatlas,U-Bahn (48.7908),456,48.790829,9.1806633,,U-Bahn (48.7905),489,48.7905392,9.180528,,U-Bahn (48.7902),525,48.790209,9.1807551,,Pragfriedhof,371,48.7980762,9.182576,,Stadtbibliothek,483,48.7905828,9.1811708,,Budapester Platz,558,48.7904478,9.1843456,,Friedhofstraße,192,48.7933429,9.1819535,,Viergiebelweg,412,48.7964789,9.1758156,,Stadtbibliothek,459,48.7908106,9.1804476,,13,61,,50.0
STG-43591,Raiffeisen-Grundschule Feuerbach,Grundschule,Grundschule,Dieselstraße 36,43591,Stuttgart,Feuerbach,Baden-Württemberg,Stuttgart,48.813546588366314,9.176543966977096,0711 69325620,,,https://raiffeisen-schule.de/,,Öffentlich,stuttgart.de Adressverzeichnis,2026-08-22,113,37.7,0,10,103,37,7,67,95,"2025,2024,2023",Unfallatlas,Maybachstraße,285,48.8110745,9.177559,,Stuttgart-Feuerbach,530,48.813504,9.1693064,,Parkbahnhof,1347,48.8017525,9.1723629,,Sieglestraße,257,48.8157588,9.1775704,,Maybachstraße,288,48.8109898,9.177158,,Feuerbach Bahnhof,609,48.8136314,9.1682336,,Sieglestraße,202,48.8151653,9.177783,,Maybachstraße,286,48.8110523,9.1775199,,Tunnelstraße,464,48.8117916,9.1707986,,12,47,,50.0
STG-17744,Rappachschule,Grundschule,Grundschule,Sandbuckel 45,17744,Stuttgart,Weilimdorf,Baden-Württemberg,Stuttgart,48.807663826142345,9.09067911831622,0711 21696484,,poststelle.rappachschule@stuttgart.de,https://rappachschule.edupage.org/,,Öffentlich,stuttgart.de Adressverzeichnis,2026-08-22,9,3.0,0,1,8,3,1,5,281,"2025,2024,2023",Unfallatlas,Weilimdorf,1627,48.822086,9.0944331,,Ditzingen,2457,48.8235995,9.0674255,,Korntal Gymnasium,3001,48.8305386,9.1124214,,Giebel,589,48.8026421,9.0881059,,Salamanderweg,590,48.8026381,9.0932442,,Breitwiesen,805,48.8024969,9.0829832,,Rappachschule,165,48.8064739,9.0893257,,Rappachstraße,351,48.8070222,9.0859824,,Ernst-Reuter-Platz,497,48.8033058,9.0921883,,6,41,,50.0
STG-17756,Raitelsbergschule,Grundschule,Grundschule,Röntgenstraße 5,17756,Stuttgart,Ost,Baden-Württemberg,Stuttgart,48.79177510673569,9.21445420661779,0711 21660050,,poststelle.raitelsbergschule@stuttgart.de,http://www.raitelsbergschule.de/,,Öffentlich,stuttgart.de Adressverzeichnis,2026-08-22,43,14.3,0,4,39,6,3,21,201,"2025,2024,2023",Unfallatlas,Bad Cannstatt,1085,48.8014069,9.2168515,,Stuttgart-Ebitzweg,1841,48.8037427,9.2318241,,U-Bahn (48.7864),1868,48.7863523,9.1903146,,Raitelsberg,353,48.7889458,9.2122835,,Schlachthof,563,48.7871649,9.2176171,,Cannstatter Wasen,672,48.7965168,9.2201493,,Raitelsberg,367,48.7888474,9.2121382,,Schlachthof,566,48.7871098,9.2175301,,Bus (48.7866),620,48.7866295,9.2177024,,3,59,,35.0
STG-17748,Reisachschule,Grundschule,Grundschule,Maierwaldstraße 14,17748,Stuttgart,Weilimdorf,Baden-Württemberg,Stuttgart,48.81745839719289,9.122068776165849,0711 21633830,,poststelle.reisachschule@stuttgart.de,http://www.reisach.s.schule-bw.de/,,Öffentlich,stuttgart.de Adressverzeichnis,2026-08-22,20,6.7,1,6,13,11,6,14,180,"2025,2024,2023",Unfallatlas,Korntal,1008,48.8265137,9.1214162,,Korntal Gymnasium,1617,48.8305386,9.1124214,,Weilimdorf,2088,48.822086,9.0944331,,Landauer Straße,348,48.8145921,9.1239677,,Löwen-Markt,793,48.8137226,9.1128364,,Feuerbach Pfostenwäldle,1149,48.8121738,9.1355521,,Landauer Straße,340,48.814507,9.1232604,,Fehrbelliner Straße,406,48.8189171,9.1169884,,Mathildenstraße,470,48.8141503,9.1180746,,10,28,,50.0
STG-17733,Riedseeschule,Grundschule,Grundschule,Sigmaringer Straße 85,17733,Stuttgart,Möhringen,Baden-Württemberg,Stuttgart,48.73005299810524,9.152685098383822,0711 21633800,,Poststelle.Riedseeschule.Moehringen@stuttgart.de,https://www.stuttgart-inklusiv.de/,,Öffentlich,stuttgart.de Adressverzeichnis,2026-08-22,45,15.0,0,3,42,19,11,32,159,"2025,2024,2023",Unfallatlas,U-Bahn (48.7175),1634,48.7174685,9.1411963,,U-Bahn (48.7485),2332,48.748473,9.167888,,U-Bahn (48.7490),2444,48.7490455,9.1694659,,Sigmaringer Straße,153,48.7287206,9.1532295,,Riedsee,362,48.7329786,9.1505075,,Möhringen Bahnhof,424,48.7305833,9.1469571,,Rembrandtstraße,285,48.7280598,9.1502447,,Riedsee,285,48.7322268,9.1506162,,Bus (48.7281),288,48.7280846,9.1501421,,13,24,,70.0
STG-18579,Riedseeschule (Außenstelle),Grundschule,Grundschule,Vaihinger Straße 30,18579,Stuttgart,Möhringen,Baden-Württemberg,Stuttgart,48.72856557146056,9.148152393030568,,,,https://www.stuttgart-inklusiv.de/,,Öffentlich,stuttgart.de Adressverzeichnis,2026-08-22,59,19.7,0,4,55,27,12,42,26,"2025,2024,2023",Unfallatlas,U-Bahn (48.7175),1335,48.7174685,9.1411963,,Stuttgart Österfeld,2510,48.7375038,9.1167264,,Stuttgart-Vaihingen,2576,48.7264626,9.1131764,,Möhringen Bahnhof,241,48.7305833,9.1469571,,Sigmaringer Straße,373,48.7287206,9.1532295,,Riedsee,520,48.7329786,9.1505075,,Filderbahnstraße,96,48.7281862,9.1469791,,Bus (48.7281),155,48.7280846,9.1501421,,Rembrandtstraße,163,48.7280598,9.1502447,,14,29,,60.0
STG-17740,Rosenschule,Grundschule,Grundschule,Markgröninger Straße 38,17740,Stuttgart,Zuffenhausen,Baden-Württemberg,Stuttgart,48.83349836710352,9.171326945243646,0711 21691281,,poststelle.rosenschule@stuttgart.de,http://www.rosenschule-zuffenhausen.de/,,Öffentlich,stuttgart.de Adressverzeichnis,2026-08-22,61,20.3,0,9,52,13,19,41,96,"2025,2024,2023",Unfallatlas,U-Bahn (48.8322),151,48.8322288,9.1705762,,U-Bahn (48.8321),153,48.8321247,9.171266,,U-Bahn (48.8323),156,48.8322673,9.1702915,,Kirchtalstraße,149,48.8322682,9.1705308,,Zuffenhausen Rathaus,397,48.8306774,9.174643,,Kelterplatz,548,48.8296962,9.1760801,,Kirchtalstraße,150,48.8323343,9.1702951,,Zuffenhausen Rathaus,273,48.8317821,9.1739933,,Zabergäustraße,309,48.8344925,9.175274,,33,76,,50.0
STG-13277,Rosenschule (Außenstelle),Grundschule,Grundschule,Hohensteinstraße 25,13277,Stuttgart,Zuffenhausen,Baden-Württemberg,Stuttgart,48.82762383925212,9.17147041748183,0172 7398212,,,https://www.stuttgart-inklusiv.de/,,Öffentlich,stuttgart.de Adressverzeichnis,2026-08-22,70,23.3,1,8,61,20,13,40,97,"2025,2024,2023",Unfallatlas,Stuttgart-Zuffenhausen,377,48.8295258,9.16721,,U-Bahn (48.8321),501,48.8321247,9.171266,,U-Bahn (48.8322),516,48.8322288,9.1705762,,Hohensteinstraße,180,48.82696,9.173708,,Zuffenhausen Rathaus,404,48.830574,9.1746984,,Kelterplatz,409,48.8296962,9.1760801,,Hohensteinstraße,162,48.8272391,9.1736061,,Frankenstraße,220,48.8258295,9.1727524,,Zuffenhausen Bf,277,48.829349,9.1687342,,32,65,,50.0
STG-17897,Salzäckerschule,Grundschule,Grundschule,Rulfinger Straße 35,17897,Stuttgart,Möhringen,Baden-Württemberg,Stuttgart,48.72178990079694,9.15620874073648,0711 21657120,,poststelle.salzaeckerschule@stuttgart.de,https://www.stuttgart-inklusiv.de/,,Öffentlich,stuttgart.de Adressverzeichnis,2026-08-22,6,2.0,0,1,5,2,0,3,274,"2025,2024,2023",Unfallatlas,U-Bahn (48.7175),1202,48.7174685,9.1411963,,Oberaichen,2807,48.7052607,9.1272836,,Leinfelden,2960,48.6966965,9.1427508,,Plieninger Straße,274,48.7242278,9.1567089,,Salzäcker,414,48.7216372,9.1618454,,Landhaus,710,48.7203961,9.165648,,Plieninger Straße,264,48.7241549,9.1559042,,Salzäcker,302,48.7233497,9.1595818,,Rübezahlweg,525,48.7209082,9.1491731,,5,39,,45.0
STG-17905,Schillerschule,Grundschule,Grundschule,Wiesbadener Straße 40,17905,Stuttgart,Bad Cannstatt,Baden-Württemberg,Stuttgart,48.80596131612855,9.224116172322496,0711 21634480,,schillerschule@stuttgart.de,https://www.stuttgart-inklusiv.de/,,Öffentlich,stuttgart.de Adressverzeichnis,2026-08-22,81,27.0,0,6,75,24,12,49,42,"2025,2024,2023",Unfallatlas,Stuttgart-Ebitzweg,616,48.8037427,9.2318241,,Bad Cannstatt,735,48.8014069,9.2168515,,Nürnberger Straße,788,48.806375,9.2348625,,Uff-Kirchhof,170,48.8050105,9.2259419,,Kursaal,376,48.8091326,9.2223448,,Daimlerplatz,381,48.8052948,9.2190147,,Uff-Kirchhof,149,48.8050364,9.2255815,,Augsburger Platz,479,48.8060618,9.2306545,,Kursaal,503,48.8100519,9.2211799,,7,47,,50.0
STG-17889,Schönbuchschule,Grundschule,Grundschule,Dürrlewangstraße 20,17889,Stuttgart,Vaihingen,Baden-Württemberg,Stuttgart,48.71683877813509,9.112784440647982,0711 21634420,,poststelle.schoenbuchschule@stuttgart.de,https://www.stuttgart-inklusiv.de/,,Öffentlich,stuttgart.de Adressverzeichnis,2026-08-22,15,5.0,0,1,14,5,5,8,36,"2025,2024,2023",Unfallatlas,Stuttgart-Rohr,336,48.7177263,9.1084072,,Stuttgart-Vaihingen,1071,48.7264626,9.1131764,,Oberaichen,1670,48.7052607,9.1272836,,Dürrlewang,431,48.7187509,9.1179017,,Lapp Kabel,835,48.7223843,9.1204675,,Vaihingen,1054,48.7262981,9.1118577,,Osterbronnstraße,213,48.7185777,9.1115651,,Rohr Bahnhof,361,48.7180355,9.1082047,,Dürrlewang,418,48.7185889,9.1178309,,19,48,,50.0
STG-17714,Schule Im Sonnigen Winkel,Grundschule,Grundschule,Im Sonnigen Winkel 17,17714,Stuttgart,Nord,Baden-Württemberg,Stuttgart,48.78587360406546,9.15236427350174,0711 21696887,,poststelle.schule.im.sonnigen.winkel@stuttgart.de,http://www.schule-im-sonnigen-winkel.de/,,Öffentlich,stuttgart.de Adressverzeichnis,2026-08-22,9,3.0,0,1,8,3,1,3,204,"2025,2024,2023",Unfallatlas,U-Bahn (48.7724),1725,48.7724419,9.1641465,,U-Bahn (48.7725),1725,48.7724517,9.1641789,,Rotebühlstraße/Reuchlinstraße,1741,48.770708,9.1582767,,Hölderlinplatz,640,48.7816954,9.1583816,U4,Russische Kirche,674,48.7843538,9.1612716,U4,Rosenberg-/Seidenstraße,1023,48.7819854,9.165023,,Doggenburg,161,48.7872286,9.1515719,,Viktor-Köchl-Weg,306,48.7881708,9.1546573,,Kräherwald,427,48.7838863,9.1473827,,17,68,"40, 43, 50, N2, U4",50.0
STG-47418,Schule Im Sonnigen Winkel (Außenstelle),Grundschule,Grundschule,Leibnizstraße 89,47418,Stuttgart,West,Baden-Württemberg,Stuttgart,48.77901686904004,9.139589238786678,0711 653482,,,https://www.stuttgart-inklusiv.de/,,Öffentlich,stuttgart.de Adressverzeichnis,2026-08-22,13,4.3,0,0,13,3,1,7,149,"2025,2024,2023",Unfallatlas,Seyfferstraße,1493,48.7699486,9.1546074,,Rotebühlstraße/Augustenstraße,1503,48.7697109,9.1544685,,Rotebühlstraße,1533,48.7699271,9.1553158,,Beethovenstraße,500,48.7772148,9.1333445,,Millöckerstraße,553,48.7794218,9.1320614,,Vogelsang,670,48.7746693,9.1459177,,Nikolauspflege,127,48.7786559,9.1379462,,Geibelstraße,283,48.7812256,9.1415028,,Wielandstraße,434,48.775122,9.1391445,40;50;N2,18,97,"40, 50, 91, N2",50.0
STG-19849,Schwabschule,Grundschule,Grundschule,Bebelstraße 17,19849,Stuttgart,West,Baden-Württemberg,Stuttgart,48.77491094566349,9.156523197289422,0711 21660260,,poststelle.schwabschule@stuttgart.de,http://www.schwab.s.schule-bw.de/,,Öffentlich,stuttgart.de Adressverzeichnis,2026-08-22,77,25.7,1,13,63,25,16,35,35,"2025,2024,2023",Unfallatlas,Rotebühlstraße/Reuchlinstraße,485,48.770708,9.1582767,,Rotebühlstraße/Rötestraße,490,48.7705567,9.1575639,,Ausgang Richtung Rotebühlstraße/Bus,509,48.7705653,9.1587233,,Schwab-/Bebelstraße,110,48.7750285,9.1550291,,Arndt-/Spittastraße,422,48.7748553,9.1507698,,Schloss-/Johannesstraße,427,48.7762434,9.1619877,,Schwab-/Bebelstraße,66,48.775412,9.156029,,Bismarckplatz,104,48.7740121,9.1561279,42,Rosenbergplatz,334,48.7778644,9.1556717,,35,141,"40, 42, 43, 44, N10, N2, U4",50.0
STG-17893,Silcherschule,Grundschule,Grundschule,Schwabbacher Straße 25,17893,Stuttgart,Zuffenhausen,Baden-Württemberg,Stuttgart,48.83080112992356,9.182068545256058,0711 21660330,,silcherschule@stuttgart.de,https://www.stuttgart-inklusiv.de/,,Öffentlich,stuttgart.de Adressverzeichnis,2026-08-22,45,15.0,0,5,40,11,6,27,247,"2025,2024,2023",Unfallatlas,U-Bahn (48.8321),804,48.8321247,9.171266,,U-Bahn (48.8322),856,48.8322288,9.1705762,,U-Bahn (48.8323),877,48.8322673,9.1702915,,Schozacher Straße,217,48.8303968,9.1849679,,Kelterplatz,455,48.8296962,9.1760801,,Zuffenhausen Rathaus,539,48.8306805,9.1747114,,Schozacher Straße,222,48.830565,9.1850762,,Beilsteiner Straße,452,48.8333799,9.1772977,,Johanneskirche,473,48.8314244,9.1756742,,13,64,,50.0
STG-17885,Sommerrainschule,Grundschule,Grundschule,Edelweißweg 11,17885,Stuttgart,Bad Cannstatt,Baden-Württemberg,Stuttgart,48.81519619135975,9.239495286593078,0711 21634900,,sommerrainschule@stuttgart.de,https://www.stuttgart-inklusiv.de/,,Öffentlich,stuttgart.de Adressverzeichnis,2026-08-22,23,7.7,0,5,18,7,1,16,152,"2025,2024,2023",Unfallatlas,Sommerrain,661,48.8152317,9.248517,,Nürnberger Straße,1038,48.806375,9.2348625,,Stuttgart-Ebitzweg,1392,48.8037427,9.2318241,,Obere Ziegelei,303,48.815147,9.2353646,,Hauptfriedhof,455,48.8189975,9.2371799,,Antwerpener Straße,797,48.8084538,9.2431757,,Edelweißweg,182,48.8142101,9.2414727,,Obere Ziegelei,305,48.8153059,9.2353358,,Auf der Gans,395,48.8184705,9.2415986,,18,36,,50.0
STG-17831,Steinbachschule,Grundschule,Grundschule,Büsnauer Platz 2,17831,Stuttgart,Vaihingen,Baden-Württemberg,Stuttgart,48.74908979607633,9.080302854310728,0711 21625330,,"poststelle.steinbachschule@stuttgart.de, steinbachschule@stuttgart.de",http://www.steinbachschule.de/,,Öffentlich,stuttgart.de Adressverzeichnis,2026-08-22,6,2.0,0,3,3,1,0,2,241,"2025,2024,2023",Unfallatlas,U-Bahn (48.7459),1864,48.7459266,9.1052685,,U-Bahn (48.7460),1875,48.7459615,9.1054333,,Stuttgart Universität,1915,48.7452713,9.105765,,Vaihingen Schillerplatz,3190,48.7301395,9.1129629,,Fauststraße,3190,48.7319027,9.1151364,,Vaihingen Viadukt,3324,48.7332592,9.1187471,,Büsnauer Platz,74,48.749751,9.080265,,Ob dem Steinbach,241,48.749533,9.0835252,,Ob dem Steinbach (Pos. 2),276,48.749938,9.0838408,,13,19,91,50.0
STG-17808,Steinenbergschule,Grundschule,Grundschule,Am Steinenberg 5,17808,Stuttgart,Hedelfingen,Baden-Württemberg,Stuttgart,48.75446357891346,9.25253957472746,0711 426041,,poststelle.steinenbergschule@stuttgart.de,http://www.steinenbergschule.de/,,Öffentlich,stuttgart.de Adressverzeichnis,2026-08-22,19,6.3,0,3,16,9,3,13,137,"2025,2024,2023",Unfallatlas,Stuttgart-Obertürkheim,1401,48.7617575,9.2681173,,Esslingen-Mettingen,1879,48.7472159,9.2756947,,Ruit,2577,48.7312905,9.2532278,,Hedelfingen,644,48.760143,9.2542275,,Stadtwerke Stuttgart,1408,48.7669119,9.2490146,,Wangen Marktplatz,1967,48.7715166,9.2454169,,Ährenweg,316,48.7572768,9.2519273,,Am Bergwald,322,48.7560838,9.2488914,,Bus (48.7574),325,48.7573572,9.2518886,,14,39,,50.0
STG-17815,Steinhaldenfeldschule,Grundschule,Grundschule,Damaschkestraße 31,17815,Stuttgart,Bad Cannstatt,Baden-Württemberg,Stuttgart,48.82753403223351,9.228436100189054,0711 21660570,,poststelle.steinhaldenfeldschule@stuttgart.de,https://www.stuttgart-inklusiv.de/,,Öffentlich,stuttgart.de Adressverzeichnis,2026-08-22,13,4.3,0,1,12,2,3,7,258,"2025,2024,2023",Unfallatlas,Stuttgart-Münster,1175,48.8207118,9.2161743,,Schmiden Stadion,1844,48.8317966,9.2527812,,Schmiden Postweg,1965,48.8312283,9.2546816,,Steinhaldenfeld,257,48.8284597,9.231646,,Freibergstraße,595,48.8242839,9.22198,,Münster Rathaus,727,48.8211134,9.2265911,,Steinhaldenfeld,249,48.8275785,9.2318343,,Zuckerberg,325,48.8258001,9.2320091,,Marabustraße,453,48.8304068,9.2328273,,8,44,,50.0
STG-17796,Tiefenbachschule,Grundschule,Grundschule,Tiefenbachstraße 66A,17796,Stuttgart,Hedelfingen,Baden-Württemberg,Stuttgart,48.756127895562166,9.221921596699792,0711 21633720,,poststelle.tiefenbachschule@stuttgart.de,http://www.tiefenbachschule.de/,,Öffentlich,stuttgart.de Adressverzeichnis,2026-08-22,2,0.7,0,1,1,1,1,1,80,"2025,2024,2023",Unfallatlas,Sillenbuch,1442,48.7445102,9.2131869,,U-Bahn (48.7416),1639,48.7415862,9.218247,,U-Bahn (48.7409),1704,48.7408961,9.2193112,,Silberwald,1381,48.7477821,9.2079711,,Sillenbuch,1447,48.7444668,9.2131593,,Schemppstraße,1668,48.7412781,9.2186974,,Tiefenbachschule,33,48.7559199,9.2216055,,Luikenweg,304,48.7560805,9.2260744,,Rohracker,340,48.7565619,9.2173278,,9,29,,50.0
STG-30542,Torwiesenschule (GS),Grundschule,Grundschule,Vogelrainstraße 27,30542,Stuttgart,Süd,Baden-Württemberg,Stuttgart,48.75472095371245,9.137726022030598,0711 46913590,,torwiesenschule@diakonie-stetten.de,http://www.torwiesenschule.de/,,Öffentlich,stuttgart.de Adressverzeichnis,2026-08-22,12,4.0,0,0,12,3,0,9,40,"2025,2024,2023",Unfallatlas,Rotebühlstraße/Augustenstraße,2070,48.7697109,9.1544685,,Seyfferstraße,2070,48.7694952,9.1549125,,Rotebühlstraße,2126,48.7699271,9.1553158,,Heslach Vogelrain,133,48.753583,9.1382943,,Südheimer Platz,352,48.755916,9.1421775,,Waldfriedhof,663,48.7516732,9.1455014,,Heslach Vogelrain,113,48.754084,9.1389215,,Südheimer Platz (Seilbahn),347,48.7559571,9.1420694,,Südheimer Platz,543,48.7567385,9.144468,,10,18,,50.0
STG-19856,Vogelsangschule,Grundschule,Grundschule,Paulusstraße 30,19856,Stuttgart,West,Baden-Württemberg,Stuttgart,48.77306599034512,9.15035203327698,0711 21633600,,poststelle.vogelsangschule@stuttgart.de,http://www.vogelsangschule.de/,,Öffentlich,stuttgart.de Adressverzeichnis,2026-08-22,47,15.7,0,12,35,15,12,18,103,"2025,2024,2023",Unfallatlas,Seyfferstraße,466,48.7699486,9.1546074,,Rotebühlstraße/Augustenstraße,480,48.7697109,9.1544685,,Rotebühlstraße,504,48.7699271,9.1553158,,Arndt-/Spittastraße,201,48.7748553,9.1507698,,Vogelsang,371,48.7746693,9.1459177,,Schwab-/Bebelstraße,406,48.7750285,9.1550291,,Herweghstraße,153,48.7718091,9.1495111,,Arndt-/Spittastraße,203,48.7747893,9.1512509,,Leipziger Platz,325,48.7701616,9.149837,,41,121,"40, 42, 44, 50, N10, N2",50.0
STG-395224,Waldschule Degerloch (Grundschule),Grundschule,Grundschule,Georgiiweg 1,39522,Stuttgart,Degerloch,Baden-Württemberg,Stuttgart,48.75053408225277,9.185315438320018,0711 8066970,,info@waldschule-degerloch.de,https://www.waldschule-degerloch.de/,,Öffentlich,stuttgart.de Adressverzeichnis,2026-08-22,12,4.0,0,2,10,4,3,6,36,"2025,2024,2023",Unfallatlas,U-Bahn (48.7490),1174,48.7490455,9.1694659,,U-Bahn (48.7493),1190,48.7492646,9.1691988,,U-Bahn (48.7485),1298,48.748473,9.167888,,Waldau,301,48.7515751,9.1891086,,Ruhbank (Fernsehturm),749,48.7534814,9.1944969,,Nägelestraße,867,48.7514962,9.1735738,,Königsträßle,414,48.7534055,9.1817211,,Bus (48.7534),423,48.7534487,9.1816167,,Bus (48.7532),442,48.7532323,9.1808794,,6,31,,50.0
STG-17789,Wilhelm-Hauff-Schule,Grundschule,Grundschule,Hohentwielstraße 23,17789,Stuttgart,Süd,Baden-Württemberg,Stuttgart,48.76409853989984,9.155958890621225,0711 21634100,,poststelle.wilhelm-hauff-schule@stuttgart.de,http://www.whs.s.schule-bw.de/,,Öffentlich,stuttgart.de Adressverzeichnis,2026-08-22,36,12.0,0,5,31,22,7,21,126,"2025,2024,2023",Unfallatlas,Seyfferstraße,605,48.7694952,9.1549125,,Rotebühlstraße/Augustenstraße,634,48.7697109,9.1544685,,Rotebühlstraße,650,48.7699271,9.1553158,,Erwin-Schoettle-Platz,332,48.7628752,9.1600896,,Bihlplatz,504,48.7602174,9.1523944,,Marienplatz,892,48.7642519,9.1681266,,Erwin-Schoettle-Platz,270,48.7628229,9.1590974,,Schickhardtschule,382,48.7657014,9.1605626,,Kelterstraße,478,48.7598866,9.1546516,,9,91,44,50.0
STG-17874,Wilhelmsschule Untertürkheim,Grundschule,Grundschule,Oberstdorfer Straße 23,17874,Stuttgart,Untertürkheim,Baden-Württemberg,Stuttgart,48.782647230630765,9.252898748976238,0711 21696733,,poststelle.wilhelmsschule.untertuerkheim@stuttgart.de,http://www.wilhelmsschule.de/,,Öffentlich,stuttgart.de Adressverzeichnis,2026-08-22,58,19.3,0,3,55,21,5,35,94,"2025,2024,2023",Unfallatlas,Stuttgart-Untertürkheim,361,48.7798209,9.2504725,,Stuttgart Neckarpark,1333,48.7918161,9.2411731,,Stuttgart-Obertürkheim,2577,48.7617575,9.2681173,,Schlotterbeckstraße,332,48.7841027,9.2489496,,Untertürkheim Bf,386,48.7801728,9.2491958,,Eszet,714,48.787575,9.2466518,,Alter Friedhof,153,48.7820222,9.2547654,,Untertürkheimer Kelterplatz,241,48.7809277,9.2549025,,Alte Krone,390,48.7791443,9.2527399,,23,42,,50.0
STG-47412,Wilhelmsschule Untertürkheim (Außenstelle),Grundschule,Grundschule,Nebelhornstraße 23,47412,Stuttgart,Untertürkheim,Baden-Württemberg,Stuttgart,48.78150454596518,9.25298829562463,0711 334632,,,https://www.stuttgart-inklusiv.de/,,Öffentlich,stuttgart.de Adressverzeichnis,2026-08-22,58,19.3,0,4,54,19,5,35,170,"2025,2024,2023",Unfallatlas,Stuttgart-Untertürkheim,263,48.7798209,9.2504725,,Stuttgart Neckarpark,1437,48.7918161,9.2411731,,Stuttgart-Obertürkheim,2460,48.7617575,9.2681173,,Untertürkheim Bf,315,48.7801728,9.2491958,,Schlotterbeckstraße,414,48.7841027,9.2489496,,Eszet,819,48.787575,9.2466518,,Alter Friedhof,142,48.7820222,9.2547654,,Untertürkheimer Kelterplatz,154,48.7809277,9.2549025,,Alte Krone,263,48.7791443,9.2527399,,23,39,,50.0
STG-356673,Wilhelmsschule Wangen,Grundschule,Grundschule,Hedelfinger Straße 9,35667,Stuttgart,Wangen,Baden-Württemberg,Stuttgart,48.77095823233921,9.24607603922269,0711 21698344,,wilhelmsschule-wangen@stuttgart.de,https://www.stuttgart-inklusiv.de/,,Öffentlich,stuttgart.de Adressverzeichnis,2026-08-22,37,12.3,1,0,36,8,6,16,115,"2025,2024,2023",Unfallatlas,Stuttgart-Untertürkheim,1037,48.7798209,9.2504725,,Stuttgart-Obertürkheim,1912,48.7617575,9.2681173,,Stuttgart Neckarpark,2347,48.7918161,9.2411731,,Wangen Marktplatz,79,48.7715166,9.2454169,,Stadtwerke Stuttgart,499,48.7669119,9.2490146,,Wasenstraße,516,48.7755041,9.2446398,,Wangen Kelter,381,48.7731448,9.2420727,,Inselstraße,780,48.7757971,9.238378,,Mercedes-Benz Kino Bauer,923,48.7788005,9.2502051,,3,20,,35.0
STG-17862,Wolfbuschschule,Grundschule,Grundschule,Köstlinstraße 76,17862,Stuttgart,Weilimdorf,Baden-Württemberg,Stuttgart,48.80944148135597,9.11483068435174,0711 21621260,,poststelle@s-wolfbusch.schule.bwl.de,http://www.wolfbuschschule.de/,,Öffentlich,stuttgart.de Adressverzeichnis,2026-08-22,22,7.3,0,3,19,8,1,18,158,"2025,2024,2023",Unfallatlas,Korntal,1959,48.8265137,9.1214162,,Weilimdorf,2051,48.822086,9.0944331,,Korntal Gymnasium,2353,48.8305386,9.1124214,,Löwen-Markt,498,48.8137226,9.1128364,,Rastatter Straße,506,48.8101977,9.1080204,,Wolfbusch,727,48.8075391,9.1053391,,Rastatter Straße,466,48.8108106,9.1088207,,Bus (48.8137),477,48.8136544,9.1135903,,Löwen-Markt,479,48.8136659,9.1135709,,6,23,,50.0
STG-9984-GS,Freie Aktive Schule Stuttgart (Grundschule),Grundschule,Grundschule,"Bopseräcker, Gew. 30A",13112,Stuttgart,Sillenbuch,Baden-Württemberg,Stuttgart,48.73454495125221,9.169875270243878,0711 6738236,,sekretariat@fas-stuttgart.de,https://www.stuttgart-inklusiv.de/,,Öffentlich,stuttgart.de Adressverzeichnis,2026-08-22,9,3.0,0,0,9,4,5,8,90,"2025,2024,2023",Unfallatlas,U-Bahn (48.7485),1556,48.748473,9.167888,,U-Bahn (48.7490),1613,48.7490455,9.1694659,,U-Bahn (48.7493),1638,48.7492646,9.1691988,,Peregrinastraße,1294,48.7436853,9.1589438,,Sigmaringer Straße,1382,48.7287206,9.1532295,,Sonnenberg,1383,48.7413592,9.1540983,,Stuttgart Hohe Eiche,134,48.7337979,9.1684386,,Tränke,362,48.7377549,9.1690186,,Bus (48.7370),526,48.7369626,9.1760329,,7,35,,50.0
STG-18571-GS,Freie Evangelische Schule Stuttgart (GWRS) (Grundschule),Grundschule,Grundschule,"Hengstäcker, Gew. 15",18571,Stuttgart,Möhringen,Baden-Württemberg,Stuttgart,48.730450513780305,9.129242122471668,0711 7941360,,sekretariat@fes-stuttgart.de,https://www.stuttgart-inklusiv.de/,,Öffentlich,stuttgart.de Adressverzeichnis,2026-08-22,35,11.7,0,1,34,12,0,23,84,"2025,2024,2023",Unfallatlas,Stuttgart Österfeld,1207,48.7375038,9.1167264,,Stuttgart-Vaihingen,1259,48.7264626,9.1131764,,U-Bahn (48.7175),1689,48.7174685,9.1411963,,SSB-Zentrum,397,48.7268769,9.1292875,,SSB am Wallgraben,467,48.7269684,9.1256902,,Engelboldstraße,713,48.7367864,9.1277281,,Wallgraben,276,48.7294391,9.1258119,,Engelboldstraße,733,48.737001,9.1281018,,Vaihinger Straße,805,48.7277247,9.1394035,,7,33,,50.0
STG-17668-GS,Grund- und Werkrealschule Gablenberg (Grundschule),Grundschule,Grundschule,Pflasteräckerstraße 25,17668,Stuttgart,Ost,Baden-Württemberg,Stuttgart,48.779740596356135,9.20841364207886,0711 21696770,,poststelle.gwrs.gablenberg@stuttgart.de,http://www.gws-gablenberg.de/,,Öffentlich,stuttgart.de Adressverzeichnis,2026-08-22,44,14.7,0,5,39,13,6,23,59,"2025,2024,2023",Unfallatlas,U-Bahn (48.7860),1492,48.7859808,9.1903802,,U-Bahn (48.7864),1516,48.7863523,9.1903146,,U-Bahn (48.7862),1551,48.7861728,9.1896239,,Ostheim Leo-Vetter-Bad,616,48.7850092,9.211023,,Gaisburg,698,48.7839051,9.2155437,,Ostendplatz,760,48.7865578,9.2076799,,Tal-/Ostendstraße,186,48.7814037,9.2087195,,Wagenburgstraße,238,48.781869,9.2080555,,Libanonstraße,246,48.7779371,9.2064803,,17,60,,50.0
STG-388049-GS,Grund- und Werkrealschule Ostheim (Grundschule),Grundschule,Grundschule,Landhausstraße 117,38804,Stuttgart,Ost,Baden-Württemberg,Stuttgart,48.787396515786334,9.203176688424945,0711 21633305,,poststelle.gwrs.ostheim@stuttgart.de,https://gwrsostheim.de/,,Öffentlich,stuttgart.de Adressverzeichnis,2026-08-22,49,16.3,0,3,46,22,9,32,90,"2025,2024,2023",Unfallatlas,U-Bahn (48.7864),949,48.7863523,9.1903146,,U-Bahn (48.7860),951,48.7859808,9.1903802,,U-Bahn (48.7862),1002,48.7861728,9.1896239,,Karl-Olga-Krankenhaus,211,48.7891641,9.2021363,,Bergfriedhof,256,48.7890678,9.2055819,,Ostendplatz,338,48.7865569,9.2076162,,Karl-Olga-Krankenhaus,195,48.7890703,9.2023674,,Schwarenbergstraße,196,48.785647,9.203543,,Bergfriedhof,280,48.78906,9.2060405,,26,73,,50.0
STG-12432-GS,Grund- und Werkrealschule Gablenberg (Außenstelle) (Grundschule),Grundschule,Grundschule,Am Klingenbach 19,12432,Stuttgart,Ost,Baden-Württemberg,Stuttgart,48.78193153756339,9.2106551829722,0711 21696779,,,https://www.stuttgart-inklusiv.de/,,Öffentlich,stuttgart.de Adressverzeichnis,2026-08-22,60,20.0,0,6,54,21,12,37,82,"2025,2024,2023",Unfallatlas,U-Bahn (48.7860),1552,48.7859808,9.1903802,,U-Bahn (48.7864),1569,48.7863523,9.1903146,,U-Bahn (48.7862),1611,48.7861728,9.1896239,,Ostheim Leo-Vetter-Bad,343,48.7850092,9.211023,,Gaisburg,420,48.7839051,9.2155437,,Ostendplatz,557,48.786565,9.2077495,,Tal-/Ostendstraße,153,48.7814037,9.2087195,,Wagenburgstraße,191,48.781869,9.2080555,,Ostheim Leo-Vetter-Bad,356,48.7851311,9.2104385,,22,71,,50.0
STG-17760-GS,Pestalozzischule (Grundschule),Grundschule,Grundschule,Krehlstraße 60,17760,Stuttgart,Vaihingen,Baden-Württemberg,Stuttgart,48.72398394177479,9.100590340569184,0711 21698660,,poststelle.pestalozzischule@stuttgart.de,https://www.stuttgart-inklusiv.de/,,Öffentlich,stuttgart.de Adressverzeichnis,2026-08-22,25,8.3,0,1,24,14,9,19,81,"2025,2024,2023",Unfallatlas,Stuttgart-Rohr,902,48.7177263,9.1084072,,Stuttgart-Vaihingen,963,48.7264626,9.1131764,,Stuttgart Österfeld,1913,48.7375038,9.1167264,,Vaihingen,866,48.7262981,9.1118577,,Vaihingen Schillerplatz,1137,48.7301395,9.1129629,,Jurastraße,1331,48.7289227,9.1171158,,Pestalozzi Schule,120,48.7250408,9.1002513,,Pestalozzi-Schule,129,48.725128,9.100332,,Albblick,410,48.7238436,9.0950076,,11,59,"008/043, 042, 751, Flixbus 008",50.0
STG-17730-GS,Rosensteinschule (Grundschule),Grundschule,Grundschule,Nordbahnhofstraße 120,17730,Stuttgart,Nord,Baden-Württemberg,Stuttgart,48.800345547202795,9.19037396768766,0711 21620820,,poststelle.rosensteinschule@stuttgart.de,http://www.rosensteinschule.de/,,Öffentlich,stuttgart.de Adressverzeichnis,2026-08-22,17,5.7,0,0,17,9,2,9,104,"2025,2024,2023",Unfallatlas,Stuttgart Nordbahnhof,413,48.80373,9.188064,,U-Bahn (48.7908),1270,48.7907956,9.1808719,,Killesberg,1287,48.7994956,9.1728447,,Mittnachtstraße,276,48.7978661,9.1901312,,Nordbahnhof,298,48.8029917,9.1897176,,Pragfriedhof,624,48.7980762,9.182576,,Nordbahnhof,256,48.8025995,9.1896623,,Nordbahnhof (Lotto Baden-Württemberg),411,48.8039962,9.1895213,,Löwentorbrücke (Diakonie),620,48.8038047,9.1837321,,11,31,,50.0
STG-17800-GS,Uhlandschule (Grundschule),Grundschule,Grundschule,Tapachstraße 4,17800,Stuttgart,Zuffenhausen,Baden-Württemberg,Stuttgart,48.8317233217043,9.195725241002268,0711 21689440,,poststelle.uhlandschule@stuttgart.de,http://www.uhlandschule-rot.de/,,Öffentlich,stuttgart.de Adressverzeichnis,2026-08-22,27,9.0,0,3,24,6,6,15,109,"2025,2024,2023",Unfallatlas,Stuttgart-Zazenhausen,555,48.8360504,9.1995088,,U-Bahn (48.8321),1791,48.8321247,9.171266,,U-Bahn (48.8322),1842,48.8322288,9.1705762,,Tapachstraße,246,48.8339314,9.1955664,,Fürfelder Straße,277,48.8322412,9.1920171,,Himmelsleiter,765,48.8374087,9.201619,,Tapachstraße,92,48.8325333,9.1959738,,Rilke Realschule,191,48.8302347,9.1970158,,Fürfelder Straße,306,48.8320087,9.1915604,,12,42,,50.0
STG-17855-GS,Wilhelmsschule Wangen (Grundschule),Grundschule,Grundschule,Hedelfinger Straße 9,17855,Stuttgart,Wangen,Baden-Württemberg,Stuttgart,48.77095823233921,9.24607603922269,0711 21698344,,wilhelmsschule-wangen@stuttgart.de,http://www.wilhelmsschule.s.schule-bw.de/,,Öffentlich,stuttgart.de Adressverzeichnis,2026-08-22,37,12.3,1,0,36,8,6,16,115,"2025,2024,2023",Unfallatlas,Stuttgart-Untertürkheim,1037,48.7798209,9.2504725,,Stuttgart-Obertürkheim,1912,48.7617575,9.2681173,,Stuttgart Neckarpark,2347,48.7918161,9.2411731,,Wangen Marktplatz,79,48.7715166,9.2454169,,Stadtwerke Stuttgart,499,48.7669119,9.2490146,,Wasenstraße,516,48.7755041,9.2446398,,Wangen Kelter,381,48.7731448,9.2420727,,Inselstraße,780,48.7757971,9.238378,,Mercedes-Benz Kino Bauer,923,48.7788005,9.2502051,,3,20,,35.0
