Schuljahr;BSN;NAME;Schüler (m/w/d);Schüler (w);Schüler (m);Lehrkräfte (m,w,d);Lehrkräfte (w);Lehrkräfte (m);
2025/26;01B01;OSZ Banken, Immobilien und Versicherungen;1679;;;79;;;
2025/26;01B02;Staatliche Technikerschule Berlin;446;;;55;;;
2025/26;01B03;OSZ Kommunikations-, Informations- und Medientechnik;1185;;;92;;;
2025/26;01B04;OSZ Gesundheit I;2892;;;97;;;
2025/26;01G01;Grundschule am Arkonaplatz;425;196;229;38;;;
2025/26;01G02;Papageno-Grundschule;578;281;297;54;;;
2025/26;01G04;Kastanienbaum-Grundschule;399;188;211;27;;;
2025/26;01G05;Grundschule Neues Tor;389;196;193;39;;;
2025/26;01G07;GutsMuths-Grundschule;422;193;229;37;;;
2025/26;01G08;Grundschule am Brandenburger Tor;494;241;253;45;;;
2025/26;01G10;City-Grundschule;581;287;294;48;;;
2025/26;01G11;Kurt-Tucholsky-Grundschule;685;328;357;59;;;
2025/26;01G15;Anne-Frank-Grundschule;366;174;192;29;;;
2025/26;01G16;Moabiter Grundschule;434;206;228;44;;;
2025/26;01G18;Carl-Bolle-Grundschule;278;133;145;29;;;
2025/26;01G19;Hansa-Grundschule;402;201;201;34;;;
2025/26;01G24;Gottfried-Röhl-Grundschule;443;220;223;45;;;
2025/26;01G25;Rudolf-Wissell-Grundschule;395;166;229;41;;;
2025/26;01G27;Gesundbrunnen-Grundschule;515;246;269;43;;;
2025/26;01G28;Brüder-Grimm-Grundschule;594;290;304;51;;;
2025/26;01G29;Wilhelm-Hauff-Grundschule;411;210;201;38;;;
2025/26;01G31;Wedding-Grundschule;505;243;262;49;;;
2025/26;01G32;Carl-Kraemer-Grundschule;432;204;228;40;;;
2025/26;01G35;Humboldthain-Grundschule;392;199;193;38;;;
2025/26;01G36;Andersen-Grundschule;345;160;185;33;;;
2025/26;01G37;Heinrich-Seidel-Grundschule;479;233;246;45;;;
2025/26;01G38;Gustav-Falke-Grundschule;459;214;245;39;;;
2025/26;01G39;Vineta-Grundschule;375;161;214;34;;;
2025/26;01G40;Möwensee-Grundschule;584;286;298;54;;;
2025/26;01G41;Erika-Mann-Grundschule;527;258;269;59;;;
2025/26;01G42;Anna-Lindh-Schule (Grundschule);477;218;259;46;;;
2025/26;01G43;Albert-Gutzmann-Schule (Grundschule);430;194;236;35;;;
2025/26;01G44;Allegro-Grundschule;442;225;217;53;;;
2025/26;01G45;Leo-Lionni-Grundschule;519;269;250;49;;;
2025/26;01G46;Grundschule am Koppenplatz;697;336;361;57;;;
2025/26;01G47;Miriam-Makeba-Grundschule;468;239;229;47;;;
2025/26;01G48;Grundschule am Nordhafen;498;246;252;39;;;
2025/26;01G49;Grundschule Luisenstadt;282;144;138;24;;;
2025/26;01K01;Willy-Brandt-Schule;693;308;385;82;;;
2025/26;01K02;Ernst-Schering-Schule;599;292;307;65;;;
2025/26;01K03;Ernst-Reuter-Schule;919;470;449;100;;;
2025/26;01K04;Heinrich-von-Stephan-Gemeinschaftsschule;909;436;473;96;;;
2025/26;01K06;Herbert-Hoover-Schule (Integrierte Sekundarschule);481;238;243;51;;;
2025/26;01K07;Hemingway-Schule;443;209;234;57;;;
2025/26;01K08;Schule am Schillerpark (Integrierte Sekundarschule);555;252;303;63;;;
2025/26;01K09;Hedwig-Dohm-Schule (Integrierte Sekundarschule);549;248;301;61;;;
2025/26;01K10;Theodor-Heuss-Gemeinschaftsschule;995;514;481;106;;;
2025/26;01P03;Jüdisches Gymnasium Moses Mendelssohn;508;274;234;;;;
2025/26;01P06;Canisius-Kolleg;934;458;476;;;;
2025/26;01P18;Bilinguale Schule Phorms Berlin Mitte;800;425;375;;;;
2025/26;01P22;Berlin Cosmopolitan School;606;319;287;;;;
2025/26;01P23;Evangelische Schule Berlin Zentrum (Gemeinschaftsschule);730;361;369;;;;
2025/26;01P25;Internationale Lomonossow-Schule Berlin (Gemeinschaftsschule);248;113;135;;;;
2025/26;01P47;Ecole Voltaire (Grundschule);337;152;185;;;;
2025/26;01P49;Quinoa-Schule Freie Sekundarschule Berlin Wedding;178;76;102;;;;
2025/26;01P50;Kristall Grundschule - Inklusive Grundschule in freier Trägerschaft;108;46;62;;;;
2025/26;01S01;Schule am Zille-Park;201;56;145;45;;;
2025/26;01S05;Schule in der Charité;163;71;92;46;;;
2025/26;01S06;Albert-Gutzmann-Schule;99;33;66;24;;;
2025/26;01S07;Charlotte-Pfeffer-Schule;187;58;129;50;;;
2025/26;01Y02;John-Lennon-Gymnasium;747;388;359;72;;;
2025/26;01Y04;Musikgymnasium Carl Philipp Emanuel Bach;155;88;67;16;;;
2025/26;01Y07;Französisches Gymnasium;824;416;408;66;;;
2025/26;01Y08;Lessing-Gymnasium;764;367;397;79;;;
2025/26;01Y09;Diesterweg-Gymnasium;625;341;284;54;;;
2025/26;01Y11;Max-Planck-Gymnasium;874;457;417;79;;;
2025/26;01Y12;Gymnasium Tiergarten;987;563;424;92;;;
2025/26;01Y13;Rosalind-Franklin-Gymnasium;208;92;116;21;;;
2025/26;02B01;August-Sander-Schule;825;;;91;;;
2025/26;02B02;Hans-Böckler-Schule (OSZ Konstruktionsbautechnik);960;;;66;;;
2025/26;02B03;Modeschule Berlin (OSZ Bekleidung und Mode);609;;;71;;;
2025/26;02B04;OSZ Handel 1;3297;;;152;;;
2025/26;02B05;Jane-Addams-Schule (OSZ Sozialwesen);1769;;;137;;;
2025/26;02G01;Spartacus-Grundschule;463;227;236;33;;;
2025/26;02G02;Hausburg-Grundschule;548;256;292;46;;;
2025/26;02G03;Justus-von-Liebig-Grundschule;515;245;270;38;;;
2025/26;02G04;Pettenkofer-Grundschule;624;335;289;48;;;
2025/26;02G07;Ludwig-Hoffmann-Grundschule;449;195;254;31;;;
2025/26;02G08;Grundschule am Traveplatz;392;198;194;35;;;
2025/26;02G09;Zille-Grundschule;528;234;294;37;;;
2025/26;02G10;Modersohn-Grundschule;435;206;229;28;;;
2025/26;02G11;Thalia-Grundschule;444;214;230;31;;;
2025/26;02G12;Kurt-Schumacher-Grundschule;273;140;133;33;;;
2025/26;02G13;Charlotte-Salomon-Grundschule;422;186;236;48;;;
2025/26;02G14;Galilei-Grundschule;483;233;250;47;;;
2025/26;02G18;Nürtingen-Grundschule;558;265;293;52;;;
2025/26;02G19;Fanny-Hensel-Grundschule;259;115;144;27;;;
2025/26;02G20;Bürgermeister-Herz-Grundschule;438;214;224;35;;;
2025/26;02G21;Reinhardswald-Grundschule;566;256;310;47;;;
2025/26;02G22;Jens-Nydahl-Grundschule;284;142;142;32;;;
2025/26;02G23;Fichtelgebirge-Grundschule;398;193;205;29;;;
2025/26;02G24;Otto-Wels-Grundschule;491;221;270;62;;;
2025/26;02G26;Lemgo-Grundschule;449;230;219;46;;;
2025/26;02G27;Hunsrück-Grundschule;490;246;244;50;;;
2025/26;02G29;Heinrich-Zille-Grundschule;409;198;211;60;;;
2025/26;02G31;Adolf-Glaßbrenner-Grundschule;395;191;204;35;;;
2025/26;02G32;Clara-Grunwald-Grundschule;322;167;155;34;;;
2025/26;02G33;Aziz-Nesin-Grundschule;267;141;126;30;;;
2025/26;02G34;Jane-Goodall-Grundschule;369;179;190;27;;;
2025/26;02G35;Rosa-Parks-Grundschule;631;290;341;49;;;
2025/26;02G36;Blumen-Grundschule;602;287;315;65;;;
2025/26;02G37;37. Schule (Grundschule);406;190;216;30;;;
2025/26;02K01;Ellen-Key-Schule;824;413;411;84;;;
2025/26;02K02;Carl-von-Ossietzky-Gemeinschaftsschule;1130;579;551;115;;;
2025/26;02K03;Hector-Peterson-Schule;601;264;337;62;;;
2025/26;02K04;Bergmannkiez-Gemeinschaftsschule;919;461;458;93;;;
2025/26;02K05;Schule am Königstor (Integrierte Sekundarschule);329;131;198;55;;;
2025/26;02K06;Emanuel-Lasker-Schule (Gemeinschaftsschule);993;429;564;86;;;
2025/26;02K07;Georg-Weerth-Schule;461;188;273;46;;;
2025/26;02K08;Refik-Veseli-Schule (Integrierte Sekundarschule);572;253;319;78;;;
2025/26;02K09;Albrecht-von-Graefe-Schule (Integrierte Sekundarschule);530;268;262;60;;;
2025/26;02K10;Ferdinand-Freiligrath-Schule (Integrierte Sekundarschule);499;245;254;54;;;
2025/26;02P09;Freie Schule Kreuzberg (Grundschule);42;19;23;;;;
2025/26;02P11;Berlin Bilingual School (Grundschule);283;139;144;;;;
2025/26;02P12;KreativitätsGrundschule Berlin Friedrichshain;370;190;180;;;;
2025/26;02P13;Netzwerk-Schule (Gemeinschaftsschule);106;47;59;;;;
2025/26;02P25;Evangelische Schule Berlin-Friedrichshain (Grundschule);146;80;66;;;;
2025/26;02S03;Margarethe-von-Witzleben-Schule;266;93;173;49;;;
2025/26;02S06;Liebmann-Schule;122;29;93;24;;;
2025/26;02Y01;Andreas-Gymnasium;811;352;459;68;;;
2025/26;02Y03;Heinrich-Hertz-Gymnasium;709;204;505;55;;;
2025/26;02Y04;Georg-Friedrich-Händel-Gymnasium;550;346;204;46;;;
2025/26;02Y05;Dathe-Gymnasium;870;458;412;71;;;
2025/26;02Y06;Leibniz-Gymnasium;834;440;394;77;;;
2025/26;02Y07;Robert-Koch-Gymnasium;643;336;307;58;;;
2025/26;02Y08;Hermann-Hesse-Gymnasium;580;307;273;55;;;
2025/26;03B02;Berufliche Schule für Sozialwesen Pankow;616;;;61;;;
2025/26;03B04;Brillat-Savarin-Schule (OSZ Gastgewerbe);4239;;;161;;;
2025/26;03B06;Konrad-Zuse-Schule;455;;;41;;;
2025/26;03B07;Elinor-Ostrom-Schule (OSZ Bürowirtschaft und Dienstleistungen);1077;;;102;;;
2025/26;03B08;Staatliche Ballett- und Artistikschule Berlin;98;;;67;;;
2025/26;03B10;Max-Bill-Schule (OSZ Planen, Bauen, Gestalten);2888;;;162;;;
2025/26;03G01;Schule am Hamburger Platz (Grundschule);479;225;254;35;;;
2025/26;03G02;Heinrich-Roller-Grundschule;362;160;202;30;;;
2025/26;03G03;Grundschule am Kollwitzplatz;409;199;210;31;;;
2025/26;03G04;Grundschule an der Marie;473;242;231;33;;;
2025/26;03G05;Homer-Grundschule;296;155;141;23;;;
2025/26;03G06;Bötzow-Grundschule;389;191;198;31;;;
2025/26;03G08;Grundschule am Planetarium;353;159;194;48;;;
2025/26;03G09;Thomas-Mann-Grundschule;486;252;234;31;;;
2025/26;03G10;Grundschule am Hohen Feld;568;257;311;47;;;
2025/26;03G11;Schule am Falkplatz (Grundschule);698;351;347;48;;;
2025/26;03G12;Paul-Lincke-Grundschule;415;199;216;33;;;
2025/26;03G13;Grundschule in Rosenthal;545;265;280;45;;;
2025/26;03G14;Bornholmer Grundschule;591;298;293;46;;;
2025/26;03G15;Schule am Senefelderplatz;443;207;236;34;;;
2025/26;03G16;Grundschule am Teutoburger Platz;462;204;258;34;;;
2025/26;03G17;Grundschule am Weißen See;425;209;216;31;;;
2025/26;03G18;Picasso-Grundschule;562;294;268;45;;;
2025/26;03G20;Grundschule im Moselviertel;397;194;203;32;;;
2025/26;03G21;Grundschule unter den Bäumen;429;200;229;28;;;
2025/26;03G22;Grundschule am Wasserturm;543;278;265;37;;;
2025/26;03G23;Grundschule Alt-Karow;484;229;255;32;;;
2025/26;03G24;Grundschule im Panketal;604;316;288;45;;;
2025/26;03G25;Carl-Humann-Grundschule;486;236;250;29;;;
2025/26;03G26;Arnold-Zweig-Grundschule;600;287;313;44;;;
2025/26;03G27;Elizabeth-Shaw-Grundschule;460;225;235;33;;;
2025/26;03G28;Hasengrund-Schule (Grundschule);464;234;230;33;;;
2025/26;03G29;Grundschule Am Sandhaus;320;153;167;26;;;
2025/26;03G32;Grundschule an den Buchen;394;182;212;23;;;
2025/26;03G33;Jeanne-Barez-Schule (Grundschule);848;418;430;53;;;
2025/26;03G34;Mendel-Grundschule;600;277;323;45;;;
2025/26;03G35;Platanengrundschule;135;77;58;10;;;
2025/26;03G36;Elisabeth-Christinen-Grundschule;493;242;251;33;;;
2025/26;03G37;Klecks-Grundschule;541;273;268;37;;;
2025/26;03G38;Grundschule im Blumenviertel;368;170;198;42;;;
2025/26;03G39;Grundschule Wolkenstein;447;220;227;32;;;
2025/26;03G40;Schule am Birkenhof;433;223;210;32;;;
2025/26;03G41;Trelleborg-Schule (Grundschule);587;307;280;45;;;
2025/26;03G43;Grundschule Wilhelmsruh;559;295;264;40;;;
2025/26;03G44;Georg-Zacharias-Grundschule;367;190;177;29;;;
2025/26;03G45;Grundschule im Hofgarten;373;163;210;31;;;
2025/26;03G46;Grundschule im Eliashof;345;185;160;25;;;
2025/26;03G47;47. Schule (Grundschule);341;154;187;26;;;
2025/26;03G48;Maria-Leo-Grundschule;430;209;221;38;;;
2025/26;03G49;Grundschule an der Rennbahn;346;153;193;26;;;
2025/26;03G50;Grundschule am Campus Buch;311;141;170;25;;;
2025/26;03G51;51. Schule (Grundschule);59;24;35;5;;;
2025/26;03K01;Kurt-Schwitters-Schule;1003;534;469;99;;;
2025/26;03K02;Kurt-Tucholsky-Schule (Integrierte Sekundarschule);1020;583;437;93;;;
2025/26;03K03;Konrad-Duden-Schule (Integrierte Sekundarschule);653;274;379;66;;;
2025/26;03K04;Gustave-Eiffel-Schule;586;256;330;62;;;
2025/26;03K05;Heinz-Brandt-Schule;488;237;251;55;;;
2025/26;03K06;Reinhold-Burger-Schule;472;202;270;49;;;
2025/26;03K07;Tesla-Schule (Gemeinschaftsschule);814;343;471;76;;;
2025/26;03K08;Hagenbeck-Schule;472;221;251;47;;;
2025/26;03K09;Janusz-Korczak-Schule (Integrierte Sekundarschule);387;139;248;38;;;
2025/26;03K10;Hufeland-Schule (Integrierte Sekundarschule);709;293;416;70;;;
2025/26;03K11;Wilhelm-von-Humboldt-Gemeinschaftsschule;1066;530;536;98;;;
2025/26;03P13;Freie Schule Pankow (Integrierte Sekundarschule);115;56;59;;;;
2025/26;03P14;Freie Grundschule Pfefferwerk;135;72;63;;;;
2025/26;03P18;dreieins-Grundschule Berlin-Pankow;297;141;156;;;;
2025/26;03P20;SchuleEins (Gemeinschaftsschule);634;315;319;;;;
2025/26;03P21;Freie Integrative Montessori Grundschule Pankow;92;49;43;;;;
2025/26;03P22;Klax International School (Gemeinschaftsschule);612;268;344;;;;
2025/26;03P23;Freie Naturschule im StadtGUT (Grundschule);67;35;32;;;;
2025/26;03P24;Ting-Schule (Integrierte Sekundarschule);42;18;24;;;;
2025/26;03P26;Lauder Beth-Zion Schule (Gemeinschaftsschule);93;55;38;;;;
2025/26;03P28;Platanus Schule Berlin (Gemeinschaftsschule);538;274;264;;;;
2025/26;03P45;PepperMont Freie Sekundarschule für ganzheitliches Lernen;95;51;44;;;;
2025/26;03P47;Bilinguale Schule Phorms Berlin Prenzlauer Berg (Grundschule);188;93;95;;;;
2025/26;03P48;Freie Humanistische Grundschule;26;16;10;;;;
2025/26;03S03;Helene-Haeusler-Schule;161;58;103;39;;;
2025/26;03S06;Schule am Birkenhof;82;32;50;12;;;
2025/26;03S08;Panke-Schule;141;49;92;29;;;
2025/26;03S09;Schule an der Strauchwiese;77;25;52;19;;;
2025/26;03S10;Marianne-Buggenhagen-Schule;200;99;101;43;;;
2025/26;03Y03;Käthe-Kollwitz-Gymnasium;940;339;601;95;;;
2025/26;03Y04;Heinrich-Schliemann-Gymnasium;1207;712;495;110;;;
2025/26;03Y08;Carl-von-Ossietzky-Gymnasium;1152;708;444;101;;;
2025/26;03Y10;Rosa-Luxemburg-Gymnasium;1247;663;584;116;;;
2025/26;03Y13;Felix-Mendelssohn-Bartholdy-Gymnasium;1321;840;481;112;;;
2025/26;03Y14;Primo-Levi-Gymnasium;1336;660;676;111;;;
2025/26;03Y15;Max-Delbrück-Gymnasium;1026;531;495;88;;;
2025/26;03Y16;Robert-Havemann-Gymnasium;1142;540;602;89;;;
2025/26;03Y17;Inge-Deutschkron-Gymnasium;808;337;471;69;;;
2025/26;04A08;Sportschule im Olympiapark - Poelchau-Schule;548;272;276;70;;;
2025/26;04B01;Loschmidt-Oberschule;374;;;48;;;
2025/26;04B02;Hans-Litten-Schule (OSZ Recht und Wirtschaft);1717;;;119;;;
2025/26;04B03;OSZ Kraftfahrzeugtechnik;1897;;;77;;;
2025/26;04B04;Ruth-Cohn-Schule (OSZ Sozialwesen);949;;;77;;;
2025/26;04B05;Anna-Freud-Schule (OSZ Sozialwesen);1567;;;137;;;
2025/26;04B06;Leopold-Ullstein-Schule (OSZ Wirtschaft);1162;;;73;;;
2025/26;04B07;OSZ Ästhetik und Technik;1331;;;72;;;
2025/26;04G01;Eichendorff-Grundschule;421;190;231;30;;;
2025/26;04G02;Lietzensee-Grundschule;420;194;226;34;;;
2025/26;04G04;Joan-Miró-Grundschule;679;330;349;70;;;
2025/26;04G05;Dietrich-Bonhoeffer-Grundschule;392;190;202;35;;;
2025/26;04G06;Wald-Grundschule;490;229;261;35;;;
2025/26;04G07;Ludwig-Cauer-Grundschule;496;240;256;30;;;
2025/26;04G08;Mierendorff-Grundschule;454;232;222;37;;;
2025/26;04G09;Erwin-von-Witzleben-Grundschule;472;213;259;37;;;
2025/26;04G11;Helmuth-James-von-Moltke-Grundschule;467;211;256;44;;;
2025/26;04G12;Schinkel-Grundschule;689;349;340;61;;;
2025/26;04G13;Nehring-Grundschule;519;249;270;44;;;
2025/26;04G14;Reinhold-Otto-Grundschule;426;214;212;41;;;
2025/26;04G15;Charles-Dickens-Grundschule;458;231;227;41;;;
2025/26;04G17;Johann-Peter-Hebel-Grundschule;523;262;261;47;;;
2025/26;04G18;Ernst-Habermann-Grundschule;303;159;144;24;;;
2025/26;04G19;Grundschule am Rüdesheimer Platz;562;286;276;50;;;
2025/26;04G20;Katharina-Heinroth-Grundschule;676;349;327;59;;;
2025/26;04G21;Halensee-Grundschule;425;205;220;33;;;
2025/26;04G22;Grunewald-Grundschule;589;293;296;45;;;
2025/26;04G23;Alt-Schmargendorf-Grundschule;519;249;270;42;;;
2025/26;04G24;Carl-Orff-Grundschule;590;297;293;50;;;
2025/26;04G25;Cecilien-Schule (Grundschule);409;197;212;33;;;
2025/26;04G26;Birger-Forell-Grundschule;391;189;202;31;;;
2025/26;04G27;Judith-Kerr-Grundschule;368;180;188;34;;;
2025/26;04K02;Friedensburg-Schule;1316;624;692;119;;;
2025/26;04K03;Robert-Jungk-Schule;876;413;463;106;;;
2025/26;04K04;Nelson Mandela Internationale Schule;1005;481;524;135;;;
2025/26;04K05;Paula-Fürst-Schule (Gemeinschaftsschule);1102;500;602;113;;;
2025/26;04K06;Schule am Schloss (Integrierte Sekundarschule);473;194;279;56;;;
2025/26;04K07;Integrierte Sekundarschule Wilmersdorf;365;166;199;32;;;
2025/26;04K08;Peter-Ustinov-Schule;486;220;266;61;;;
2025/26;04K09;Otto-von-Guericke-Schule (Integrierte Sekundarschule);455;206;249;47;;;
2025/26;04K10;Wangari-Maathai-Internationale-Schule;325;151;174;36;;;
2025/26;04P12;Annie-Heuser-Schule;340;184;156;;;;
2025/26;04P15;Freie Schule Charlottenburg;78;35;43;;;;
2025/26;04P23;Jüdische Traditionsschule;207;92;115;;;;
2025/26;04P27;Schule am Westend;75;34;41;;;;
2025/26;04P40;Berlin British School (Integrierte Sekundarschule);66;40;26;;;;
2025/26;04P41;Freudberg-Gemeinschaftsschule;267;129;138;;;;
2025/26;04P42;Private Kant-Schule - Berlin International School;837;415;422;;;;
2025/26;04P45;Jewish International School - Masorti-Grundschule;66;22;44;;;;
2025/26;04P46;Hasenschule (Grundschule);23;9;14;;;;
2025/26;04P47;Privates Europa-Gymnasium Berlin;104;54;50;;;;
2025/26;04S02;Arno-Fuchs-Schule;121;47;74;29;;;
2025/26;04S04;Reinfelder-Schule;405;164;241;62;;;
2025/26;04S05;Ernst-Adolf-Eschke-Schule für Gehörlose;132;60;72;42;;;
2025/26;04S06;Finkenkrug-Schule;113;32;81;27;;;
2025/26;04S07;Comenius-Schule;587;223;364;108;;;
2025/26;04Y01;Schiller-Gymnasium;990;533;457;91;;;
2025/26;04Y02;Wald-Gymnasium;729;331;398;70;;;
2025/26;04Y03;Sophie-Charlotte-Gymnasium;763;443;320;66;;;
2025/26;04Y04;Gottfried-Keller-Gymnasium;841;348;493;81;;;
2025/26;04Y05;Herder-Gymnasium;888;274;614;85;;;
2025/26;04Y06;Heinz-Berggruen-Gymnasium;868;563;305;77;;;
2025/26;04Y07;Friedrich-Ebert-Gymnasium;768;434;334;65;;;
2025/26;04Y08;Hildegard-Wegscheider-Gymnasium;599;239;360;52;;;
2025/26;04Y09;Walther-Rathenau-Gymnasium;498;230;268;47;;;
2025/26;04Y10;Marie-Curie-Gymnasium;658;334;324;64;;;
2025/26;04Y11;Goethe-Gymnasium;828;412;416;69;;;
2025/26;05B01;OSZ TIEM (Technische Informatik, Industrieelektronik und EnergieManagement);2093;;;89;;;
2025/26;05B02;Knobelsdorff-Schule (OSZ Bautechnik I);1952;;;139;;;
2025/26;05G01;Ernst-Ludwig-Heim-Grundschule;475;210;265;48;;;
2025/26;05G02;Grundschule am Eichenwald;461;234;227;37;;;
2025/26;05G04;Klosterfeld-Grundschule;369;182;187;35;;;
2025/26;05G05;Christoph-Földerich-Grundschule;586;287;299;56;;;
2025/26;05G06;Siegerland-Grundschule;549;257;292;44;;;
2025/26;05G07;Lynar-Grundschule;510;250;260;51;;;
2025/26;05G08;Konkordia-Grundschule;455;225;230;33;;;
2025/26;05G10;Grundschule am Birkenhain;455;233;222;42;;;
2025/26;05G11;Robert-Reinick-Grundschule;545;257;288;46;;;
2025/26;05G12;Grundschule am Weinmeisterhorn;413;204;209;34;;;
2025/26;05G13;Bernd-Ryke-Grundschule;636;300;336;56;;;
2025/26;05G14;Linden-Grundschule;607;304;303;44;;;
2025/26;05G15;Askanier-Grundschule;396;176;220;28;;;
2025/26;05G16;Zeppelin-Grundschule;287;130;157;22;;;
2025/26;05G17;Astrid-Lindgren-Grundschule;468;228;240;42;;;
2025/26;05G18;Grundschule im Beerwinkel;584;254;330;52;;;
2025/26;05G19;Grundschule am Ritterfeld;549;259;290;42;;;
2025/26;05G20;Carl-Schurz-Grundschule;514;246;268;40;;;
2025/26;05G21;Paul-Moor-Grundschule;259;114;145;40;;;
2025/26;05G22;Christian-Morgenstern-Grundschule;571;299;272;45;;;
2025/26;05G23;Grundschule am Brandwerder;408;190;218;33;;;
2025/26;05G24;Grundschule am Windmühlenberg;399;204;195;34;;;
2025/26;05G25;Grundschule am Wasserwerk;217;106;111;28;;;
2025/26;05G26;Grundschule am Amalienhof;522;256;266;46;;;
2025/26;05G27;Peter-Härtling-Grundschule;593;285;308;53;;;
2025/26;05G28;Grundschule an der Pulvermühle;678;349;329;54;;;
2025/26;05G29;Mary-Poppins-Grundschule;529;270;259;38;;;
2025/26;05G30;Birken-Grundschule;546;272;274;59;;;
2025/26;05G31;Havel-Grundschule;519;265;254;54;;;
2025/26;05G32;Lillian-Zeller-Grundschule;160;85;75;15;;;
2025/26;05K01;Martin-Buber-Oberschule (Integrierte Sekundarschule);1067;567;500;105;;;
2025/26;05K02;Carlo-Schmid-Oberschule (Integrierte Sekundarschule);1078;576;502;115;;;
2025/26;05K03;Bertolt-Brecht-Oberschule (Integrierte Sekundarschule);1222;642;580;127;;;
2025/26;05K04;Heinrich-Böll-Oberschule (Integrierte Sekundarschule);1020;468;552;104;;;
2025/26;05K05;B.-Traven-Gemeinschaftsschule;843;399;444;78;;;
2025/26;05K06;Wolfgang-Borchert-Schule (Integrierte Sekundarschule);917;400;517;92;;;
2025/26;05K07;Schule an der Jungfernheide (Integrierte Sekundarschule);479;221;258;65;;;
2025/26;05K08;Schule an der Haveldüne (Integrierte Sekundarschule);815;352;463;90;;;
2025/26;05K09;Schule am Staakener Kleeblatt (Integrierte Sekundarschule);647;271;376;70;;;
2025/26;05P04;August-Hermann-Francke-Schule;121;44;77;;;;
2025/26;05P13;Wilhelmstadt Schulen;906;449;457;;;;
2025/26;05P15;Immanuel-Grundschule;142;71;71;;;;
2025/26;05P19;SIS Swiss International School Berlin;258;122;136;;;;
2025/26;05S01;Schule am Grüngürtel;130;42;88;22;;;
2025/26;05S03;Schule am Gartenfeld;181;49;132;38;;;
2025/26;05S04;Schule am Stadtrand;103;35;68;31;;;
2025/26;05Y01;Freiherr-vom-Stein-Gymnasium;952;461;491;87;;;
2025/26;05Y02;Kant-Gymnasium;839;498;341;78;;;
2025/26;05Y03;Margot-Friedländer-Gymnasium;1106;568;538;97;;;
2025/26;05Y04;Carl-Friedrich-von-Siemens-Gymnasium;757;388;369;72;;;
2025/26;05Y05;Lily-Braun-Gymnasium;688;425;263;57;;;
2025/26;06B01;Peter-Lenné-Schule (OSZ Natur und Umwelt);1338;;;70;;;
2025/26;06B02;Louise-Schroeder-Schule (OSZ Bürowirtschaft und Verwaltung);2257;;;117;;;
2025/26;06B03;OSZ Bürowirtschaft 1;1283;;;83;;;
2025/26;06B04;Wilhelm-Ostwald-Schule (OSZ Gestaltung);1268;;;73;;;
2025/26;06G01;Nord-Grundschule;366;175;191;30;;;
2025/26;06G02;Süd-Grundschule;372;191;181;26;;;
2025/26;06G03;Johannes-Tews-Grundschule;408;200;208;31;;;
2025/26;06G04;Erich-Kästner-Grundschule;436;205;231;31;;;
2025/26;06G05;Conrad-Schule (Grundschule);477;239;238;40;;;
2025/26;06G06;Mühlenau-Grundschule;600;268;332;54;;;
2025/26;06G07;Zinnowwald-Grundschule;452;203;249;38;;;
2025/26;06G08;Schweizerhof-Grundschule;389;187;202;33;;;
2025/26;06G09;Dreilinden-Grundschule;320;156;164;28;;;
2025/26;06G10;Grundschule am Buschgraben;228;111;117;22;;;
2025/26;06G12;Quentin-Blake-Grundschule;451;216;235;38;;;
2025/26;06G14;Sachsenwald-Grundschule;429;239;190;34;;;
2025/26;06G15;Dunant-Grundschule;562;278;284;44;;;
2025/26;06G16;Rothenburg-Grundschule;288;143;145;28;;;
2025/26;06G17;Grundschule am Insulaner;422;202;220;37;;;
2025/26;06G18;Athene-Grundschule;476;237;239;43;;;
2025/26;06G20;Alt-Lankwitzer Grundschule;525;250;275;36;;;
2025/26;06G21;Paul-Schneider-Grundschule;470;229;241;39;;;
2025/26;06G22;Giesensdorfer Grundschule;339;162;177;30;;;
2025/26;06G23;Kronach-Grundschule;440;216;224;31;;;
2025/26;06G24;Grundschule unter den Kastanien;460;225;235;33;;;
2025/26;06G25;Clemens-Brentano-Grundschule;488;257;231;35;;;
2025/26;06G26;Käthe-Kruse-Grundschule;409;194;215;32;;;
2025/26;06G27;Grundschule am Königsgraben;630;303;327;48;;;
2025/26;06G28;Ludwig-Bechstein-Grundschule;266;129;137;26;;;
2025/26;06G29;Grundschule am Karpfenteich;468;246;222;30;;;
2025/26;06G30;Mercator-Grundschule;307;149;158;28;;;
2025/26;06G31;Grundschule an der Bäke;442;222;220;39;;;
2025/26;06G32;Grundschule am Stadtpark Steglitz;504;242;262;42;;;
2025/26;06G33;Friedrich-Drake-Grundschule;306;140;166;25;;;
2025/26;06G34;Grundschule in der Plantagenstraße;277;126;151;21;;;
2025/26;06K01;John-F.-Kennedy-Schule;1496;727;769;168;;;
2025/26;06K02;Wilma-Rudolph-Schule (Integrierte Sekundarschule);1005;482;523;105;;;
2025/26;06K03;Kopernikus-Schule (Integrierte Sekundarschule);998;468;530;108;;;
2025/26;06K04;Bröndby-Schule (Integrierte Sekundarschule);990;424;566;90;;;
2025/26;06K08;Max-von-Laue-Schule;529;258;271;56;;;
2025/26;06K09;Gail-S.-Halvorsen-Integrierte Sekundarschule;490;199;291;52;;;
2025/26;06K10;Helene-Lange-Schule (Integrierte Sekundarschule);730;305;425;76;;;
2025/26;06K11;Anna-Essinger-Gemeinschaftsschule;932;464;468;104;;;
2025/26;06P06;Königin-Luise-Stiftung;964;484;480;;;;
2025/26;06P08;SANCTA MARIA Schule der hl. Hedwig;133;54;79;;;;
2025/26;06P10;Private Kant-Schule (Grundschule);288;127;161;;;;
2025/26;06P18;Bilinguale Schule Phorms Berlin Süd;561;270;291;;;;
2025/26;06P20;Freie Schule Anne-Sophie Berlin;411;219;192;;;;
2025/26;06P21;Internationale Montessorischule Berlin (Gemeinschaftsschule);117;61;56;;;;
2025/26;06P24;Evangelische Grundschule Zehlendorf;213;102;111;;;;
2025/26;06S01;Pestalozzi-Schule;230;84;146;58;;;
2025/26;06S02;Biesalski-Schule;225;66;159;57;;;
2025/26;06S03;Peter-Frankenfeld-Schule;78;24;54;24;;;
2025/26;06S05;J.-A.-Zeune-Schule für Blinde und Berufsfachschule Dr. Silex;120;50;70;47;;;
2025/26;06Y01;Schadow-Gymnasium;1041;486;555;91;;;
2025/26;06Y02;Droste-Hülshoff-Gymnasium;798;486;312;74;;;
2025/26;06Y03;Arndt-Gymnasium Dahlem;845;471;374;76;;;
2025/26;06Y04;Dreilinden-Gymnasium;793;372;421;74;;;
2025/26;06Y05;Werner-von-Siemens-Gymnasium;899;345;554;71;;;
2025/26;06Y06;Beethoven-Gymnasium;860;510;350;80;;;
2025/26;06Y07;Paulsen-Gymnasium;679;368;311;57;;;
2025/26;06Y08;Hermann-Ehlers-Gymnasium;623;315;308;56;;;
2025/26;06Y09;Fichtenberg-Gymnasium;843;426;417;78;;;
2025/26;06Y10;Lilienthal-Gymnasium;767;423;344;68;;;
2025/26;06Y11;Goethe-Gymnasium Lichterfelde;748;386;362;71;;;
2025/26;06Y12;Willi-Graf-Gymnasium;592;322;270;51;;;
2025/26;06Y13;Gymnasium Steglitz;819;385;434;76;;;
2025/26;07A44;Willkommensschule THF;49;24;25;12;;;
2025/26;07B02;Marie-Elisabeth-Lüders-Oberschule;666;;;69;;;
2025/26;07B03;OSZ Lotis (Logistik, Touristik und Steuern);2127;;;108;;;
2025/26;07G01;Spreewald-Grundschule;420;210;210;43;;;
2025/26;07G02;Finow-Grundschule;523;276;247;49;;;
2025/26;07G03;Werbellinsee-Grundschule;453;218;235;39;;;
2025/26;07G05;Havelland-Grundschule;467;218;249;40;;;
2025/26;07G06;Sternberg-Grundschule;248;116;132;29;;;
2025/26;07G07;Lindenhof-Grundschule;377;170;207;31;;;
2025/26;07G10;Teltow-Grundschule;451;216;235;44;;;
2025/26;07G12;Scharmützelsee-Grundschule;448;227;221;40;;;
2025/26;07G13;Neumark-Grundschule;452;226;226;40;;;
2025/26;07G14;Löcknitz-Grundschule;410;201;209;29;;;
2025/26;07G15;Fläming-Grundschule;541;277;264;46;;;
2025/26;07G16;Ruppin-Grundschule;598;326;272;42;;;
2025/26;07G17;Stechlinsee-Grundschule;634;324;310;53;;;
2025/26;07G18;Grundschule am Barbarossaplatz;285;159;126;41;;;
2025/26;07G19;Paul-Simmel-Grundschule;446;230;216;49;;;
2025/26;07G20;Maria-Montessori-Grundschule;481;241;240;37;;;
2025/26;07G21;Grundschule auf dem Tempelhofer Feld;591;306;285;48;;;
2025/26;07G22;Paul-Klee-Grundschule;636;313;323;59;;;
2025/26;07G23;Schätzelberg-Grundschule;345;145;200;33;;;
2025/26;07G24;Tempelherren-Grundschule;334;165;169;31;;;
2025/26;07G25;Mascha-Kaléko-Grundschule;438;210;228;36;;;
2025/26;07G26;Grundschule im Taunusviertel;368;167;201;27;;;
2025/26;07G27;Rudolf-Hildebrand-Grundschule;599;285;314;45;;;
2025/26;07G28;Kiepert-Grundschule;469;204;265;34;;;
2025/26;07G29;Käthe-Kollwitz-Grundschule;570;271;299;41;;;
2025/26;07G30;Annedore-Leber-Grundschule;750;370;380;68;;;
2025/26;07G31;Carl-Sonnenschein-Grundschule;467;238;229;31;;;
2025/26;07G32;Bruno-H.-Bürgel-Grundschule;590;286;304;40;;;
2025/26;07G34;Marienfelder Schule (Grundschule);831;386;445;62;;;
2025/26;07G35;Nahariya-Grundschule;688;322;366;54;;;
2025/26;07G36;Grundschule am Dielingsgrund;537;272;265;37;;;
2025/26;07G37;Ikarus-Grundschule;552;257;295;41;;;
2025/26;07G40;40. Schule (Grundschule);175;80;95;14;;;
2025/26;07K01;Sophie-Scholl-Schule;1059;555;504;120;;;
2025/26;07K02;Carl-Zeiss-Schule;1014;520;494;99;;;
2025/26;07K03;Gustav-Heinemann-Oberschule;1217;602;615;104;;;
2025/26;07K04;Theodor-Haubach-Schule;560;242;318;50;;;
2025/26;07K05;Solling-Schule;489;208;281;45;;;
2025/26;07K06;Georg-von-Giesche-Schule;475;234;241;54;;;
2025/26;07K07;Johanna-Eck-Schule (Integrierte Sekundarschule);500;233;267;72;;;
2025/26;07K09;Gustav-Langenscheidt-Schule;425;172;253;47;;;
2025/26;07K10;Friedrich-Bergius-Schule;456;185;271;47;;;
2025/26;07K11;Hugo-Gaudig-Schule;424;174;250;43;;;
2025/26;07K12;Friedenauer Gemeinschaftsschule;1202;586;616;124;;;
2025/26;07K13;Minna-Cauer-Schule (Integrierte Sekundarschule);405;185;220;44;;;
2025/26;07P13;Deutsch Skandinavische Gemeinschaftsschule;194;86;108;;;;
2025/26;07P18;Johannes-Schule Berlin;365;192;173;;;;
2025/26;07P19;Freie Schule Schöneberg (Gemeinschaftsschule);113;54;59;;;;
2025/26;07P24;Modellschule Marille-Grundschule;16;5;11;;;;
2025/26;07S01;Prignitz-Schule;201;63;138;43;;;
2025/26;07S03;Steinwald-Schule;120;41;79;26;;;
2025/26;07S04;Marianne-Cohn-Schule;124;48;76;29;;;
2025/26;07Y01;Robert-Blum-Gymnasium;756;436;320;73;;;
2025/26;07Y02;Rückert-Gymnasium;752;377;375;67;;;
2025/26;07Y03;Rheingau-Gymnasium;712;396;316;61;;;
2025/26;07Y04;Paul-Natorp-Gymnasium;791;423;368;74;;;
2025/26;07Y05;Luise-Henriette-Gymnasium;481;265;216;43;;;
2025/26;07Y06;Askanisches Gymnasium;742;389;353;61;;;
2025/26;07Y07;Eckener-Gymnasium;746;369;377;62;;;
2025/26;07Y08;Ulrich-von-Hutten-Gymnasium;805;422;383;67;;;
2025/26;07Y09;Georg-Büchner-Gymnasium;596;307;289;52;;;
2025/26;08B01;Annedore-Leber-Oberschule;773;;;59;;;
2025/26;08B02;Lise-Meitner-Schule (OSZ Chemie, Physik und Biologie);1195;;;108;;;
2025/26;08B04;OSZ Informations- und Medizintechnik;2685;;;129;;;
2025/26;08B05;Carl-Legien-Schule (Schulbetrieb an 01B04);54;;;6;;;
2025/26;08G01;Rixdorfer Schule (Grundschule);345;161;184;38;;;
2025/26;08G02;Theodor-Storm-Schule (Grundschule);153;77;76;23;;;
2025/26;08G03;Hans-Fallada-Schule (Grundschule);434;206;228;49;;;
2025/26;08G05;Elbe-Schule (Grundschule);197;91;106;27;;;
2025/26;08G06;Karl-Weise-Schule (Grundschule);369;189;180;31;;;
2025/26;08G07;Hermann-Boddin-Schule (Grundschule);238;114;124;26;;;
2025/26;08G08;Karlsgarten-Schule (Grundschule);489;219;270;38;;;
2025/26;08G09;Regenbogen-Schule (Grundschule);524;252;272;49;;;
2025/26;08G11;Schliemann-Grundschule;674;347;327;45;;;
2025/26;08G12;Jenaplanschule Neukölln (Grundschule);292;126;166;24;;;
2025/26;08G13;Bruno-Taut-Schule (Grundschule);489;240;249;42;;;
2025/26;08G14;Konrad-Agahd-Schule (Grundschule);233;114;119;20;;;
2025/26;08G15;Hermann-Sander-Schule (Grundschule);572;291;281;45;;;
2025/26;08G16;Hugo-Heimann-Schule (Grundschule);332;161;171;27;;;
2025/26;08G17;Richard-Schule (Grundschule);574;321;253;49;;;
2025/26;08G18;Eduard-Mörike-Schule (Grundschule);292;137;155;27;;;
2025/26;08G19;Herman-Nohl-Schule (Grundschule);496;243;253;51;;;
2025/26;08G20;Sonnen-Schule (Grundschule);307;147;160;31;;;
2025/26;08G21;Silberstein-Schule (Grundschule);303;142;161;23;;;
2025/26;08G22;Schule am Regenweiher (Grundschule);360;182;178;29;;;
2025/26;08G23;Zürich-Schule (Grundschule);355;190;165;36;;;
2025/26;08G24;Schule am Teltowkanal (Grundschule);335;164;171;37;;;
2025/26;08G25;Michael-Ende-Schule (Grundschule);434;218;216;35;;;
2025/26;08G26;Christoph-Ruden-Schule (Grundschule);349;167;182;31;;;
2025/26;08G27;Oskar-Heinroth-Schule (Grundschule);657;347;310;55;;;
2025/26;08G28;Matthias-Claudius-Schule (Grundschule);614;307;307;47;;;
2025/26;08G29;Wetzlar-Schule (Grundschule);422;215;207;39;;;
2025/26;08G30;Schule am Sandsteinweg (Grundschule);747;369;378;53;;;
2025/26;08G31;Janusz-Korczak-Schule (Grundschule);349;167;182;30;;;
2025/26;08G33;Schule am Fliederbusch (Grundschule);359;175;184;38;;;
2025/26;08G34;Lisa-Tetzner-Schule (Grundschule);424;211;213;40;;;
2025/26;08G35;Schule in der Köllnischen Heide (Grundschule);582;309;273;44;;;
2025/26;08G36;Löwenzahn-Schule (Grundschule);255;118;137;24;;;
2025/26;08G37;Rose-Oehmichen-Schule (Grundschule);304;151;153;27;;;
2025/26;08G38;38. Schule (Grundschule);84;35;49;7;;;
2025/26;08K01;Walter-Gropius-Schule (Gemeinschaftsschule);1068;563;505;109;;;
2025/26;08K02;Hermann-von-Helmholtz-Schule;889;407;482;85;;;
2025/26;08K03;Otto-Hahn-Schule;805;324;481;84;;;
2025/26;08K04;Heinrich-Mann-Schule;508;210;298;50;;;
2025/26;08K05;Clay-Schule;1079;577;502;103;;;
2025/26;08K06;Fritz-Karsen-Schule (Gemeinschaftsschule);1249;613;636;128;;;
2025/26;08K08;Gemeinschaftsschule auf dem Campus Rütli;979;469;510;125;;;
2025/26;08K09;Röntgen-Schule;427;225;202;41;;;
2025/26;08K10;Zuckmayer-Schule;378;185;193;46;;;
2025/26;08K11;Alfred-Nobel-Schule;549;229;320;61;;;
2025/26;08K12;Kepler-Schule;394;174;220;45;;;
2025/26;08K13;Gemeinschaftsschule Campus Efeuweg;838;414;424;71;;;
2025/26;08P09;MeineSchuleBerlin (Gemeinschaftsschule);42;23;19;;;;
2025/26;08S01;Adolf-Reichwein-Schule;151;60;91;31;;;
2025/26;08S04;Schule am Zwickauer Damm;235;86;149;43;;;
2025/26;08S05;Schule am Hasenhegerweg;99;41;58;24;;;
2025/26;08S06;Hans-Fallada-Schule;72;21;51;21;;;
2025/26;08S07;Schule am Bienwaldring;177;72;105;40;;;
2025/26;08S08;Schilling-Schule;242;87;155;67;;;
2025/26;08S09;Schule an der Windmühle;56;18;38;16;;;
2025/26;08Y01;Albrecht-Dürer-Gymnasium;710;348;362;65;;;
2025/26;08Y02;Albert-Schweitzer-Gymnasium;576;350;226;60;;;
2025/26;08Y03;Albert-Einstein-Gymnasium;1029;581;448;97;;;
2025/26;08Y04;Ernst-Abbe-Gymnasium;629;347;282;64;;;
2025/26;08Y05;Leonardo-da-Vinci-Gymnasium;708;379;329;67;;;
2025/26;08Y06;Hannah-Arendt-Gymnasium;798;429;369;60;;;
2025/26;09A07;Flatow-Oberschule;285;94;191;39;;;
2025/26;09B03;Hermann-Scheer-Schule (OSZ Wirtschaft);1660;;;83;;;
2025/26;09G01;Bouché-Schule (Grundschule);663;338;325;50;;;
2025/26;09G03;Schule am Heidekampgraben (Grundschule);567;287;280;44;;;
2025/26;09G04;Sonnenblumen-Schule (Grundschule);444;222;222;28;;;
2025/26;09G05;Schule am Ginkobaum (Grundschule);715;370;345;46;;;
2025/26;09G06;Melli-Beese-Schule (Grundschule);537;256;281;44;;;
2025/26;09G07;Schule an der alten Feuerwache (Grundschule);683;342;341;50;;;
2025/26;09G09;Heide-Schule (Grundschule);541;266;275;47;;;
2025/26;09G10;Schule am Berg (Grundschule);624;342;282;44;;;
2025/26;09G11;Schule am Pegasuseck (Grundschule);570;286;284;46;;;
2025/26;09G13;Schule am Altglienicker Wasserturm (Grundschule);543;286;257;37;;;
2025/26;09G14;Schule am Buntzelberg (Grundschule);707;355;352;46;;;
2025/26;09G15;Schule am Mohnweg (Grundschule);701;343;358;46;;;
2025/26;09G16;Wendenschloß-Schule (Grundschule);503;236;267;28;;;
2025/26;09G17;Uhlenhorst-Grundschule;574;280;294;40;;;
2025/26;09G18;Schule in der Köllnischen Vorstadt (Grundschule);502;244;258;46;;;
2025/26;09G19;Amtsfeld-Schule (Grundschule);598;283;315;48;;;
2025/26;09G20;Müggelheimer Schule (Grundschule);408;189;219;27;;;
2025/26;09G21;Edison-Grundschule;433;212;221;54;;;
2025/26;09G22;Schule an der Wuhlheide (Grundschule);600;312;288;45;;;
2025/26;09G23;Hauptmann-von-Köpenick-Schule (Grundschule);521;266;255;41;;;
2025/26;09G24;Müggelsee-Schule (Grundschule);466;249;217;33;;;
2025/26;09G25;Müggelschlößchen-Schule (Grundschule);366;197;169;30;;;
2025/26;09G26;Schule an den Püttbergen (Grundschule);632;297;335;45;;;
2025/26;09G27;Friedrichshagener Schule (Grundschule);382;197;185;32;;;
2025/26;09G29;Schmöckwitzer Insel-Schule (Grundschule);264;104;160;21;;;
2025/26;09G30;Kiefholz-Grundschule;372;174;198;29;;;
2025/26;09G31;Wildbienen-Grundschule;376;188;188;26;;;
2025/26;09G32;Hirschgarten-Grundschule;97;42;55;11;;;
2025/26;09K01;Merian-Schule (Integrierte Sekundarschule);1041;490;551;94;;;
2025/26;09K02;Anna-Seghers-Schule (Gemeinschaftsschule);1367;720;647;113;;;
2025/26;09K03;Fritz-Kühn-Schule (Integrierte Sekundarschule);503;235;268;46;;;
2025/26;09K04;Isaac-Newton-Schule (Integrierte Sekundarschule);449;205;244;40;;;
2025/26;09K05;Wilhelm-Bölsche-Schule (Integrierte Sekundarschule);601;246;355;47;;;
2025/26;09K06;Hans-Grade-Schule (Integrierte Sekundarschule);450;188;262;35;;;
2025/26;09K07;Sophie-Brahe-Gemeinschaftsschule;1233;585;648;104;;;
2025/26;09K08;Schule an der Dahme (Integrierte Sekundarschule);666;327;339;56;;;
2025/26;09K09;Grünauer Gemeinschaftsschule;1149;559;590;95;;;
2025/26;09P06;Montessori Campus Berlin Köpenick (Gemeinschaftsschule);293;152;141;;;;
2025/26;09P07;Evangelische Schule Köpenick (Gymnasium);614;376;238;;;;
2025/26;09P09;BEST-Sabel-Oberschule;443;211;232;;;;
2025/26;09P10;Bewegte Schule Köpenick (Grundschule);82;38;44;;;;
2025/26;09P12;Mosaik-Grundschule;139;58;81;;;;
2025/26;09P13;Evangelische Grundschule Friedrichshagen;256;125;131;;;;
2025/26;09P15;W-I-R-Grundschule Pfefferwerk;143;67;76;;;;
2025/26;09P16;KreativitätsGrundschule Berlin Treptow;201;108;93;;;;
2025/26;09P18;Freie Interkulturelle Waldorfschule Berlin;282;148;134;;;;
2025/26;09S03;Albatros-Schule;147;49;98;32;;;
2025/26;09S04;Ahorn-Schule;172;51;121;33;;;
2025/26;09S06;Schule am Wildgarten;196;83;113;31;;;
2025/26;09Y03;Archenhold-Gymnasium;720;306;414;62;;;
2025/26;09Y04;Anne-Frank-Gymnasium;888;451;437;80;;;
2025/26;09Y05;Alexander-von-Humboldt-Gymnasium;804;396;408;69;;;
2025/26;09Y06;Gerhart-Hauptmann-Gymnasium;810;474;336;67;;;
2025/26;09Y10;Gebrüder-Montgolfier-Gymnasium;948;531;417;79;;;
2025/26;09Y11;Emmy-Noether-Gymnasium;836;382;454;74;;;
2025/26;09Y12;12. Schule (Gymnasium);210;102;108;7;;;
2025/26;10B01;Oscar-Tietz-Schule (OSZ Handel II);1663;;;76;;;
2025/26;10B02;Rahel-Hirsch-Schule (OSZ Gesundheit/Medizin);2381;;;91;;;
2025/26;10G01;Paavo-Nurmi-Grundschule;407;187;220;30;;;
2025/26;10G03;Selma-Lagerlöf-Grundschule;436;212;224;41;;;
2025/26;10G04;Falken-Grundschule;348;195;153;34;;;
2025/26;10G05;Ebereschen-Grundschule;299;146;153;27;;;
2025/26;10G07;Karl-Friedrich-Friesen-Grundschule;520;247;273;41;;;
2025/26;10G08;Wilhelm-Busch-Grundschule;556;281;275;39;;;
2025/26;10G09;Grundschule am Bürgerpark;736;347;389;74;;;
2025/26;10G10;Peter-Pan-Grundschule;492;247;245;45;;;
2025/26;10G11;Grundschule an der Mühle;505;245;260;36;;;
2025/26;10G12;Grundschule an der Geißenweide;495;233;262;34;;;
2025/26;10G13;Johann-Strauss-Grundschule;672;326;346;59;;;
2025/26;10G14;Grundschule unter dem Regenbogen;788;368;420;73;;;
2025/26;10G16;Fuchsberg-Grundschule;733;380;353;53;;;
2025/26;10G17;Beatrix-Potter-Grundschule;631;312;319;49;;;
2025/26;10G18;Pusteblume-Grundschule;764;342;422;61;;;
2025/26;10G19;Bücherwurm-Schule am Weiher (Grundschule);664;303;361;53;;;
2025/26;10G22;Kolibri-Grundschule;804;396;408;58;;;
2025/26;10G25;Grundschule am Schleipfuhl;738;351;387;51;;;
2025/26;10G26;Friedrich-Schiller-Grundschule;400;192;208;29;;;
2025/26;10G28;Grundschule am Hollerbusch;776;389;387;54;;;
2025/26;10G29;Grundschule an der Wuhle;712;324;388;52;;;
2025/26;10G30;Mahlsdorfer Grundschule;529;244;285;42;;;
2025/26;10G31;Franz-Carl-Achard-Grundschule;399;193;206;30;;;
2025/26;10G32;Kiekemal-Schule (Grundschule);638;324;314;45;;;
2025/26;10G33;Ulmen-Grundschule;589;310;279;41;;;
2025/26;10G34;Schule am grünen Stadtrand (Grundschule);297;143;154;19;;;
2025/26;10G36;Glückskompass-Grundschule;578;289;289;55;;;
2025/26;10G37;37. Schule (Grundschule);139;69;70;11;;;
2025/26;10G38;38. Schule (Grundschule);46;22;24;6;;;
2025/26;10G39;39. Schule (Grundschule);35;13;22;6;;;
2025/26;10G40;40. Schule (Grundschule);54;21;33;6;;;
2025/26;10K01;Rudolf-Virchow-Schule;1241;617;624;108;;;
2025/26;10K02;Ernst-Haeckel-Schule;992;496;496;93;;;
2025/26;10K03;Kerschensteiner-Schule;358;145;213;27;;;
2025/26;10K05;Jean-Piaget-Schule;534;242;292;52;;;
2025/26;10K06;Georg-Klingenberg-Schule;583;237;346;65;;;
2025/26;10K07;Caspar-David-Friedrich-Schule;539;330;209;51;;;
2025/26;10K08;Johann-Julius-Hecker-Schule;584;247;337;44;;;
2025/26;10K09;Konrad-Wachsmann-Schule;551;235;316;55;;;
2025/26;10K10;Wolfgang-Amadeus-Mozart-Schule (Gemeinschaftsschule);1201;551;650;95;;;
2025/26;10K11;Marcana-Schule (Gemeinschaftsschule);701;330;371;66;;;
2025/26;10K12;Gretel-Bergmann-Gemeinschaftsschule;1153;527;626;104;;;
2025/26;10K13;Integrierte Sekundarschule Mahlsdorf;661;315;346;70;;;
2025/26;10K14;14. Schule (Gemeinschaftsschule);240;103;137;22;;;
2025/26;10K15;15. Schule (Integrierte Sekundarschule);126;46;80;14;;;
2025/26;10P05;BEST-Sabel-Grundschule Mahlsdorf;369;169;200;;;;
2025/26;10P09;Sabine-Ball-Grundschule;250;156;94;;;;
2025/26;10P10;Internationale Lomonossow-Schule Berlin Marzahn (Gemeinschaftsschule);530;281;249;;;;
2025/26;10P12;Freie Schule Berlin Mahlsdorf;175;82;93;;;;
2025/26;10P13;BEST-Sabel-Grundschule Kaulsdorf;374;188;186;;;;
2025/26;10P14;dreieins-Grundschule Berlin Kaulsdorf;169;87;82;;;;
2025/26;10P24;Freie Grundschule Marzahn;143;71;72;;;;
2025/26;10S04;Schule am Pappelhof;178;63;115;36;;;
2025/26;10S07;Schule am Rosenhain;323;117;206;54;;;
2025/26;10S08;Schule am Mummelsoll;154;51;103;38;;;
2025/26;10Y01;Tagore-Gymnasium;850;514;336;82;;;
2025/26;10Y02;Otto-Nagel-Gymnasium;955;510;445;82;;;
2025/26;10Y03;Wilhelm-von-Siemens-Gymnasium;878;416;462;76;;;
2025/26;10Y08;Sartre-Gymnasium;873;484;389;75;;;
2025/26;10Y11;Melanchthon-Gymnasium;1091;572;519;89;;;
2025/26;10Y12;12. Schule (Gymnasium);276;143;133;22;;;
2025/26;11A07;Schul- und Leistungssportzentrum Berlin (Sportforum);905;320;585;127;;;
2025/26;11B01;Hein-Moeller-Schule (OSZ Energietechnik II);1614;;;71;;;
2025/26;11B02;Max-Taut-Schule (OSZ Gebäude, Umwelt, Technik);2726;;;101;;;
2025/26;11B04;Friedrich-List-Schule (OSZ Büromanagement und Wirtschaftssprachen);1332;;;69;;;
2025/26;11G01;Sonnenuhr-Schule (Grundschule);390;179;211;28;;;
2025/26;11G02;Schule am Roederplatz (Grundschule);396;189;207;31;;;
2025/26;11G03;Schule im Gutspark (Grundschule);417;192;225;28;;;
2025/26;11G05;Schule auf dem lichten Berg (Grundschule);670;318;352;58;;;
2025/26;11G06;Adam-Ries-Schule (Grundschule);434;203;231;44;;;
2025/26;11G07;07. Schule (Grundschule);528;244;284;42;;;
2025/26;11G08;Robinson-Schule (Grundschule);327;153;174;28;;;
2025/26;11G09;Bürgermeister-Ziethen-Schule (Grundschule);620;310;310;49;;;
2025/26;11G10;Schule im Ostseekarree (Grundschule);568;274;294;41;;;
2025/26;11G11;Bernhard-Grzimek-Schule (Grundschule);489;231;258;42;;;
2025/26;11G12;Lew-Tolstoi-Schule (Grundschule);664;352;312;50;;;
2025/26;11G13;Karlshorster Schule (Grundschule);645;306;339;52;;;
2025/26;11G14;Richard-Wagner-Schule (Grundschule);515;239;276;46;;;
2025/26;11G16;Schule an der Victoriastadt (Grundschule);706;342;364;55;;;
2025/26;11G17;Brodowin-Schule (Grundschule);641;317;324;60;;;
2025/26;11G18;Schule am Wilhelmsberg (Grundschule);701;328;373;60;;;
2025/26;11G19;Obersee-Schule (Grundschule);451;223;228;30;;;
2025/26;11G21;Schule Am Faulen See (Grundschule);412;197;215;32;;;
2025/26;11G22;Martin-Niemöller-Grundschule;517;260;257;40;;;
2025/26;11G23;Friedrichsfelder Schule (Grundschule);422;224;198;32;;;
2025/26;11G25;Schule am Wäldchen (Grundschule);467;267;200;34;;;
2025/26;11G26;Randow-Schule (Grundschule);428;204;224;36;;;
2025/26;11G28;Feldmark-Schule (Grundschule);576;302;274;42;;;
2025/26;11G29;Matibi-Schule (Grundschule);774;395;379;61;;;
2025/26;11G31;Schmetterlings-Grundschule;338;163;175;23;;;
2025/26;11G32;Hans-Rosenthal-Grundschule;506;236;270;53;;;
2025/26;11G33;Gerda-Lagerlöf-Grundschule;208;104;104;17;;;
2025/26;11G34;Orankesee Schule (Grundschule);545;274;271;41;;;
2025/26;11G35;Grundschule am Tränkegraben;537;239;298;41;;;
2025/26;11G36;Phönix-Grundschule;448;222;226;36;;;
2025/26;11G37;Seepark-Grundschule;381;193;188;31;;;
2025/26;11G38;Schlaufuchs-Grundschule;311;162;149;28;;;
2025/26;11G39;39. Schule (Grundschule);262;122;140;23;;;
2025/26;11K01;Alexander-Puschkin-Schule;450;227;223;42;;;
2025/26;11K02;Mildred-Harnack-Schule;855;443;412;80;;;
2025/26;11K04;Gutenberg-Schule;964;524;440;91;;;
2025/26;11K05;Fritz-Reuter-Schule;882;422;460;82;;;
2025/26;11K06;Schule am Rathaus;392;196;196;44;;;
2025/26;11K07;Vincent-van-Gogh-Schule (Integrierte Sekundarschule);758;359;399;81;;;
2025/26;11K08;Schule-am-Tierpark (Integrierte Sekundarschule);724;324;400;80;;;
2025/26;11K09;Philipp-Reis-Schule (Integrierte Sekundarschule);690;326;364;55;;;
2025/26;11K10;Grüner Campus Malchow (Gemeinschaftsschule);1819;863;956;180;;;
2025/26;11K11;Paul-Schmidt-Schule (Integrierte Sekundarschule);606;265;341;61;;;
2025/26;11K12;Paul-und-Charlotte-Kniese-Schule (Gemeinschaftsschule);994;450;544;92;;;
2025/26;11K13;May-Ayim-Schule (Integrierte Sekundarschule);490;230;260;44;;;
2025/26;11K14;Elsa-Neumann-Schule (Integrierte Sekundarschule);598;276;322;46;;;
2025/26;11K15;Kosmos-Schule (Integrierte Sekundarschule);432;196;236;40;;;
2025/26;11K16;16. Schule (Integrierte Sekundarschule);288;129;159;25;;;
2025/26;11P04;KreativitätsGrundschule Berlin Lichtenberg;344;181;163;;;;
2025/26;11P21;Grundschule am Campus Hedwig;56;17;39;;;;
2025/26;11S02;Schule am Fennpfuhl;126;63;63;25;;;
2025/26;11S04;Paul-und-Charlotte-Kniese-Schule;75;28;47;17;;;
2025/26;11S05;Schule am grünen Grund;83;46;37;22;;;
2025/26;11S06;Selma-Lagerlöf-Schule;180;54;126;25;;;
2025/26;11S07;Carl-von-Linné-Schule;306;127;179;73;;;
2025/26;11S08;Schule Am Breiten Luch;197;74;123;34;;;
2025/26;11S12;Nils-Holgersson-Schule;212;62;150;45;;;
2025/26;11Y02;Johann-Gottfried-Herder-Gymnasium;1012;649;363;91;;;
2025/26;11Y05;Hans-und-Hilde-Coppi-Gymnasium;756;426;330;73;;;
2025/26;11Y09;Barnim-Gymnasium;1242;724;518;107;;;
2025/26;11Y10;Manfred-von-Ardenne-Gymnasium;839;455;384;66;;;
2025/26;11Y11;Immanuel-Kant-Gymnasium;930;390;540;86;;;
2025/26;11Y12;12. Schule (Gymnasium);289;147;142;24;;;
2025/26;12B01;Georg-Schlesinger-Schule (OSZ Maschinen- und Fertigungstechnik);1806;;;73;;;
2025/26;12B02;Emil-Fischer-Schule (OSZ Ernährung und Lebensmitteltechnik);1472;;;114;;;
2025/26;12B03;Ernst-Litfaß-Schule (OSZ Mediengestaltung und Medientechnologie);952;;;73;;;
2025/26;12G01;Havelmüller-Grundschule;341;151;190;31;;;
2025/26;12G02;Grundschule am Schäfersee;457;225;232;46;;;
2025/26;12G03;Reginhard-Grundschule;416;211;205;34;;;
2025/26;12G04;Till-Eulenspiegel-Grundschule;600;300;300;42;;;
2025/26;12G05;Kolumbus-Grundschule;625;329;296;47;;;
2025/26;12G06;Hausotter-Grundschule;531;270;261;42;;;
2025/26;12G07;Mark-Twain-Grundschule;521;253;268;46;;;
2025/26;12G09;Grundschule an der Peckwisch;548;291;257;46;;;
2025/26;12G10;Peter-Witte-Grundschule;416;189;227;30;;;
2025/26;12G11;Ringelnatz-Grundschule;379;178;201;32;;;
2025/26;12G12;Borsigwalder Grundschule;549;248;301;40;;;
2025/26;12G13;Franz-Marc-Grundschule;409;206;203;36;;;
2025/26;12G14;Alfred-Brehm-Grundschule;418;209;209;35;;;
2025/26;12G15;Hoffmann-von-Fallersleben-Grundschule;489;239;250;42;;;
2025/26;12G17;Ellef-Ringnes-Grundschule;391;205;186;30;;;
2025/26;12G18;Grundschule am Tegelschen Ort;397;195;202;29;;;
2025/26;12G19;Münchhausen-Grundschule;427;197;230;35;;;
2025/26;12G20;Grundschule am Vierrutenberg;509;247;262;36;;;
2025/26;12G21;Grundschule am Fließtal;418;217;201;33;;;
2025/26;12G22;Gustav-Dreyer-Grundschule;481;247;234;33;;;
2025/26;12G23;Victor-Gollancz-Grundschule;500;229;271;45;;;
2025/26;12G24;Renée-Sintenis-Grundschule;413;206;207;33;;;
2025/26;12G26;Märkische Grundschule;482;234;248;43;;;
2025/26;12G27;Chamisso-Grundschule;503;232;271;41;;;
2025/26;12G28;Grundschule in den Rollbergen;387;193;194;31;;;
2025/26;12G29;Hermann-Schulz-Grundschule;414;192;222;38;;;
2025/26;12G30;Reineke-Fuchs-Grundschule;451;223;228;42;;;
2025/26;12G32;Charlie-Chaplin-Grundschule;407;192;215;36;;;
2025/26;12G33;Lauterbach-Grundschule;457;219;238;46;;;
2025/26;12G34;Otfried-Preußler-Grundschule;643;292;351;51;;;
2025/26;12K01;Julius-Leber-Schule;412;164;248;41;;;
2025/26;12K02;Bettina-von-Arnim-Schule;1230;719;511;137;;;
2025/26;12K03;Max-Beckmann-Schule (Integrierte Sekundarschule);1105;605;500;114;;;
2025/26;12K04;Paul-Löbe-Schule;621;249;372;74;;;
2025/26;12K05;Gustav-Freytag-Schule (Integrierte Sekundarschule);484;213;271;45;;;
2025/26;12K06;Benjamin-Franklin-Schule (Integrierte Sekundarschule);447;195;252;48;;;
2025/26;12K07;Jean-Krämer-Schule (Integrierte Sekundarschule) Wittenau;590;259;331;63;;;
2025/26;12K09;Carl-Benz-Schule (Integrierte Sekundarschule);414;163;251;48;;;
2025/26;12K10;Carl-Bosch-Schule;410;159;251;45;;;
2025/26;12K11;Albrecht-Haushofer-Schule;574;234;340;51;;;
2025/26;12K12;Campus Hannah Höch (Gemeinschaftsschule);698;326;372;66;;;
2025/26;12P06;Elisabethstift-Schule (Gemeinschaftsschule);47;26;21;;;;
2025/26;12P07;Private Goethe-Schulen;288;143;145;;;;
2025/26;12P10;Demokratische Schule X (Gemeinschaftsschule);99;46;53;;;;
2025/26;12P11;Alternativschule Berlin (Gemeinschaftsschule);144;67;77;;;;
2025/26;12P14;Montessori Campus am Tegeler Forst;269;119;150;;;;
2025/26;12P19;APEGO-Schule Berlin (Gemeinschaftsschule);90;33;57;;;;
2025/26;12P25;Elisabethstift-Schule;71;34;37;;;;
2025/26;12S01;Stötzner-Schule;109;36;73;22;;;
2025/26;12S02;Schule am Tegeler Forst;68;19;49;21;;;
2025/26;12S03;Lauterbach-Schule;99;36;63;21;;;
2025/26;12S04;Schule am Park;202;91;111;43;;;
2025/26;12S05;Waldseeschule;122;29;93;34;;;
2025/26;12S06;Toulouse-Lautrec-Schule;158;57;101;45;;;
2025/26;12Y01;Friedrich-Engels-Gymnasium;928;514;414;83;;;
2025/26;12Y02;Europäisches Gymnasium Bertha-von-Suttner;1202;659;543;111;;;
2025/26;12Y03;Humboldt-Gymnasium;1095;468;627;121;;;
2025/26;12Y04;Gabriele-von-Bülow-Gymnasium;923;503;420;81;;;
2025/26;12Y05;Georg-Herwegh-Gymnasium;931;460;471;83;;;
2025/26;12Y06;Schulfarm Insel Scharfenberg;444;212;232;43;;;
2025/26;12Y07;Romain-Rolland-Gymnasium;1115;574;541;90;;;
2025/26;12Y08;Thomas-Mann-Gymnasium;884;483;401;77;;;
